Data,Fedele,Diversi_Brand,Quali_Brand,Marchio_Preferito,Soddisfa_Aspettative,Mantiene_Promesse,Attento_Bisogni,Attivit_Marketing,Campagne_Pubblicitarie,Campagne_Promozione,Brand_Amicizie,Brand_Familiari,Brand_Etnico,Acquisto_Abitualmente,Modello_Acquisto,Promozioni_Sconti,Brand_Rilevante,Brand_Positivi,Brand_Percepire,Relazione_Lunga,Comunicazione_Brand,Brand_Coerente,Considero_No_Brand,Rimango_Fedele,Identifico_Brand,Completamente_Soddisfatto,Ripeto_Acquisto,Attributi_Distintivi,Sento_Angosciato,Prodotto_Brand,Elevato_Coinvolgimento,Scelta_Acquisto,Coinvolgimento_Verso,Nutro,Regione_Provenienza,Genere,Fasce_Eta
2020/11/218:39:57PMCET,1,1-3,Heineken,,3,3,2,4,4,3,3,3,3,3,5,3,2,3,4,3,2,3,3,3,2,4,3,4,2,4,1,2,4,2,Campania,Maschio,16-34
2020/11/218:45:12PMCET,0,1-3,Tennents,,3,3,3,3,3,3,3,3,3,3,3,3,3,3,3,3,3,3,3,3,3,3,3,4,3,3,3,3,3,3,Campania,Femmina,16-34
2020/11/218:45:23PMCET,0,Piudi6,Altri,Guinness,1,1,1,5,5,5,4,5,5,5,5,5,5,5,5,5,5,5,5,1,5,1,5,1,5,2,5,5,5,5,Liguria,Maschio,16-34
2020/11/218:47:54PMCET,0,1-3,Ceres,,3,4,2,3,3,3,3,3,3,3,3,3,3,4,4,4,2,3,5,4,3,3,3,3,5,4,5,3,5,4,Lazio,Femmina,16-34
2020/11/218:48:30PMCET,1,1-3,Heineken,,1,1,5,3,2,2,3,3,4,2,1,4,2,3,3,1,4,1,4,2,1,1,1,4,3,1,3,1,2,2,Campania,Maschio,16-34
2020/11/218:48:51PMCET,1,1-3,Tennents,,4,5,4,5,5,5,3,1,4,3,3,2,4,4,5,5,3,4,2,4,3,5,5,5,5,5,5,5,4,4,Lombardia,Maschio,16-34
2020/11/218:52:19PMCET,0,1-3,Tennents,,1,1,2,4,3,3,4,5,4,5,3,5,3,3,5,4,5,5,4,2,4,1,1,2,5,1,5,5,5,4,Campania,Femmina,16-34
2020/11/218:54:22PMCET,1,1-3,Tennents,,1,2,2,1,4,4,3,5,5,3,3,4,3,2,2,2,3,2,5,5,4,1,2,3,4,2,3,3,5,4,Puglia,Femmina,16-34
2020/11/218:54:53PMCET,1,1-3,Heineken,,2,2,2,2,2,2,2,4,2,1,1,3,4,3,3,3,2,3,3,1,1,1,1,2,1,3,5,4,3,3,Campania,Maschio,16-34
2020/11/218:56:27PMCET,0,1-3,Ichnusa,,2,2,3,4,4,4,1,2,3,2,3,5,5,2,3,3,3,2,5,4,3,2,3,2,5,1,5,3,5,3,Veneto,Femmina,16-34
2020/11/218:56:52PMCET,0,1-3,Ichnusa,,1,2,3,2,5,4,2,4,1,4,1,5,5,3,2,4,5,4,2,4,4,1,4,1,4,1,5,4,5,3,Lazio,Femmina,16-34
2020/11/218:58:45PMCET,1,1-3,Ichnusa,,2,2,1,4,4,4,2,4,3,4,3,3,3,5,2,2,3,4,2,3,2,3,3,5,2,3,3,4,3,4,Campania,Femmina,16-34
2020/11/218:59:11PMCET,1,Piudi6,Peroni,,1,1,1,1,2,2,1,1,1,1,1,5,1,1,1,1,1,1,1,1,1,1,3,1,1,1,1,1,1,1,Lazio,Maschio,16-34
2020/11/218:59:56PMCET,0,Piudi6,Ceres,,1,1,1,4,4,4,2,4,3,1,3,5,3,3,5,1,4,1,4,1,2,1,2,2,4,1,4,4,4,4,Lazio,Maschio,16-34
2020/11/219:00:18PMCET,1,1-3,Peroni,,2,1,2,2,3,2,3,2,4,3,2,4,4,1,3,2,3,3,4,3,3,4,3,4,5,3,4,3,3,4,Lazio,Femmina,16-34
2020/11/219:01:15PMCET,1,1-3,Altri,Corona,1,1,1,2,2,2,1,1,2,1,2,4,3,2,2,2,2,2,2,1,2,2,2,1,2,2,2,2,2,2,Campania,Femmina,35-65
2020/11/219:02:36PMCET,0,1-3,Ichnusa,,4,4,3,4,4,4,5,4,4,2,3,3,1,3,3,4,1,2,1,3,3,4,4,4,1,4,1,2,1,3,Lazio,Femmina,16-34
2020/11/219:02:40PMCET,1,1-3,Peroni,,1,1,3,5,5,5,5,3,5,3,5,3,5,5,3,2,4,3,5,2,4,3,3,3,5,1,5,4,3,3,Campania,Maschio,16-34
2020/11/219:03:03PMCET,1,4-6,Altri,Corona,1,2,1,1,1,1,3,5,3,3,1,4,3,2,4,2,3,3,1,1,3,1,1,1,1,1,3,2,1,1,Lazio,Femmina,16-34
2020/11/219:05:11PMCET,0,4-6,Peroni,,1,1,4,5,5,5,1,3,2,2,2,5,5,3,2,2,2,4,4,3,5,2,4,2,4,2,5,5,2,2,Lazio,Maschio,16-34
2020/11/219:05:29PMCET,1,1-3,Tennents,,1,2,2,3,4,4,3,5,3,2,4,2,2,2,2,3,2,1,3,1,3,1,1,1,4,2,3,3,3,2,Campania,Maschio,16-34
2020/11/219:06:14PMCET,1,1-3,Ichnusa,,1,1,1,1,1,3,3,3,3,4,2,5,5,2,1,1,2,3,3,1,3,1,1,1,5,1,4,1,3,2,Lazio,Femmina,16-34
2020/11/219:07:03PMCET,1,1-3,Ichnusa,,5,5,5,3,3,3,5,5,5,5,5,5,5,2,3,5,3,4,4,5,5,5,4,5,3,4,3,4,3,3,Sardegna,Femmina,16-34
2020/11/219:07:04PMCET,0,1-3,Tennents,,3,3,4,4,4,3,3,5,5,5,4,2,5,4,1,2,4,3,5,4,4,3,3,3,5,2,2,2,3,3,Umbria,Femmina,16-34
2020/11/219:08:53PMCET,0,1-3,Ichnusa,,1,2,2,2,2,3,5,5,4,2,4,4,2,2,2,1,1,1,4,3,1,2,2,1,4,1,3,1,3,1,Lazio,Femmina,16-34
2020/11/219:09:47PMCET,0,1-3,Peroni,,2,2,1,3,3,3,2,2,2,3,3,3,4,3,2,3,4,4,4,4,4,2,4,4,4,2,4,3,4,2,Campania,Femmina,16-34
2020/11/219:10:51PMCET,1,4-6,Peroni,,1,2,2,4,5,5,2,3,1,2,2,5,2,2,1,1,2,2,4,2,2,1,3,1,4,1,4,2,4,2,1cilia,Maschio,16-34
2020/11/219:11:48PMCET,1,1-3,Tennents,,2,1,1,1,3,3,2,2,3,1,2,5,1,1,3,2,4,1,1,1,1,1,1,2,3,1,3,3,5,2,Campania,Femmina,35-65
2020/11/219:11:52PMCET,0,4-6,Altri,Leffe,1,1,5,5,3,3,3,4,5,3,3,5,5,1,3,2,5,4,5,4,5,2,2,5,5,1,5,5,2,5,Lazio,Femmina,35-65
2020/11/219:12:04PMCET,1,1-3,Altri,Corona,1,2,2,4,4,4,2,1,2,1,2,5,2,3,3,1,3,2,3,1,2,1,1,2,3,1,4,5,4,3,Campania,Maschio,35-65
2020/11/219:14:40PMCET,1,1-3,Peroni,,1,1,1,5,5,5,3,4,5,1,4,2,1,5,2,1,5,1,5,4,1,1,5,1,1,1,5,1,5,5,Campania,Maschio,16-34
2020/11/219:17:51PMCET,0,4-6,Heineken,,4,3,3,4,3,3,4,2,3,4,4,3,4,4,3,4,3,4,2,4,4,4,3,3,3,4,2,4,2,4,Campania,Femmina,16-34
2020/11/219:19:30PMCET,0,1-3,Heineken,,5,5,5,5,5,4,4,2,5,4,5,1,5,5,5,5,1,5,1,5,5,5,5,5,1,5,5,5,5,1,Calabria,Femmina,16-34
2020/11/219:20:23PMCET,1,4-6,Peroni,,1,2,2,4,5,5,2,3,1,2,2,5,2,2,1,1,2,2,4,2,2,1,3,1,4,1,4,2,4,2,1cilia,Maschio,16-34
2020/11/219:20:47PMCET,1,1-3,Heineken,,1,3,3,1,3,3,1,1,1,1,3,5,1,1,1,3,3,1,1,1,1,1,1,1,1,1,1,1,1,1,Campania,Femmina,16-34
2020/11/219:22:23PMCET,0,1-3,Ichnusa,,3,4,3,2,2,2,2,4,1,3,1,4,3,3,3,3,3,3,2,2,2,3,4,3,3,3,3,2,3,3,Lombardia,Femmina,16-34
2020/11/219:22:25PMCET,0,4-6,Ceres,,1,2,1,3,3,2,1,1,2,1,3,3,2,2,1,1,2,3,4,3,2,1,1,1,5,3,4,3,3,2,Lombardia,Femmina,35-65
2020/11/219:23:11PMCET,1,4-6,Ichnusa,,1,1,3,3,3,4,2,4,3,1,1,1,1,1,1,1,3,3,3,4,3,1,1,2,5,1,3,1,1,1,Liguria,Femmina,16-34
2020/11/219:23:51PMCET,1,4-6,Altri,Leffe,4,4,4,2,2,3,3,2,2,3,3,2,3,3,3,3,3,4,3,3,3,3,3,3,3,3,3,3,3,3,1cilia,Maschio,16-34
2020/11/219:26:07PMCET,0,1-3,Tennents,,3,3,4,5,5,3,5,5,5,4,2,4,4,5,4,5,5,5,5,2,5,3,1,4,5,4,5,5,5,5,Campania,Femmina,35-65
2020/11/219:27:15PMCET,0,1-3,Heineken,,1,3,3,5,4,5,1,2,2,3,3,3,5,3,4,3,3,3,5,4,3,4,4,2,5,2,5,3,4,5,Campania,Femmina,16-34
2020/11/219:29:26PMCET,0,1-3,Altri,BirraMes1nacristallidisale,5,5,5,5,5,5,4,4,4,5,5,1,3,4,5,4,4,4,2,5,4,5,5,5,5,5,2,3,1,4,Calabria,Maschio,16-34
2020/11/219:30:37PMCET,1,1-3,Peroni,,1,1,1,3,3,3,2,3,4,2,2,5,2,2,2,1,4,3,4,1,1,1,3,1,5,2,3,2,4,2,Campania,Maschio,16-34
2020/11/219:31:26PMCET,1,1-3,Ichnusa,,1,2,2,5,5,5,4,5,5,1,3,5,5,5,5,5,5,5,5,2,5,1,2,4,4,2,5,5,4,5,Campania,Femmina,16-34
2020/11/219:31:26PMCET,1,1-3,Ichnusa,,2,2,3,4,4,3,1,2,3,3,1,1,3,1,1,3,1,3,5,1,2,3,5,3,4,2,5,3,5,1,Campania,Maschio,16-34
2020/11/219:31:30PMCET,1,1-3,Heineken,,3,2,3,3,4,3,2,2,2,2,5,4,3,3,3,3,3,3,3,3,3,4,3,3,3,3,3,3,3,3,Campania,Maschio,35-65
2020/11/219:31:57PMCET,1,1-3,Ichnusa,,1,2,2,3,3,4,2,4,3,2,2,3,4,4,2,2,3,1,5,1,3,1,1,1,2,1,2,2,3,2,Lombardia,Femmina,16-34
2020/11/219:32:40PMCET,1,1-3,Tennents,,4,4,4,2,2,3,4,3,3,4,4,2,4,2,4,4,3,4,3,4,4,5,5,4,4,5,3,3,3,4,Campania,Maschio,35-65
2020/11/219:33:08PMCET,1,1-3,Altri,Leffe,1,2,2,2,1,1,3,1,3,3,3,2,4,3,2,2,4,4,2,2,3,3,3,2,1,3,3,5,4,4,Lombardia,Maschio,35-65
2020/11/219:33:47PMCET,1,1-3,Heineken,,1,2,1,1,2,3,3,4,4,5,1,2,2,2,3,4,4,5,3,3,3,2,1,2,2,2,4,4,5,4,Campania,Femmina,16-34
2020/11/219:34:18PMCET,1,1-3,Becks,,1,1,1,3,3,3,1,2,2,3,1,5,3,2,2,1,4,1,4,1,2,1,1,1,1,1,3,1,2,3,Calabria,Femmina,16-34
2020/11/219:35:39PMCET,0,1-3,Altri,Corona,3,2,2,3,3,2,3,2,3,1,2,2,1,1,2,2,1,1,3,2,3,1,1,2,3,1,2,3,3,2,Campania,Femmina,35-65
2020/11/219:36:27PMCET,1,1-3,Ceres,,3,3,3,3,3,3,2,2,2,3,2,4,3,3,3,4,4,3,4,3,4,2,4,2,4,2,3,4,2,3,Campania,Femmina,35-65
2020/11/219:36:40PMCET,1,1-3,Heineken,,1,2,1,1,1,1,3,2,1,1,4,5,5,1,3,1,5,1,5,1,1,1,1,1,5,1,1,5,5,3,Campania,Femmina,16-34
2020/11/219:37:17PMCET,0,1-3,Heineken,,1,1,1,4,4,4,5,5,5,4,2,5,3,3,3,2,5,3,5,1,3,1,3,2,5,2,5,5,5,5,Lazio,Maschio,35-65
2020/11/219:38:10PMCET,0,1-3,Ichnusa,,5,5,5,4,5,4,2,3,4,5,3,1,3,2,5,5,4,4,2,5,3,5,5,5,3,5,4,4,4,5,Lazio,Maschio,16-34
2020/11/219:38:18PMCET,1,1-3,Altri,Leffe,1,2,2,2,1,1,3,1,3,3,3,2,4,3,2,2,4,4,2,2,3,3,3,2,1,3,3,5,4,4,Lombardia,Maschio,35-65
2020/11/219:38:36PMCET,0,4-6,Heineken,,2,5,5,5,5,4,3,2,3,3,3,5,5,1,1,4,1,2,5,1,1,1,1,1,4,3,5,3,4,3,Campania,Maschio,16-34
2020/11/219:38:47PMCET,1,4-6,Ichnusa,,1,1,3,4,4,4,2,5,3,5,3,3,4,3,3,2,4,3,5,2,4,2,3,3,5,2,5,3,3,3,Lazio,Maschio,16-34
2020/11/219:38:57PMCET,1,1-3,Heineken,,3,2,2,4,4,4,3,2,2,3,4,5,2,3,4,5,5,5,5,2,4,3,3,2,5,2,5,5,5,5,Lazio,Maschio,35-65
2020/11/219:40:16PMCET,0,4-6,Peroni,,2,2,3,2,3,1,3,3,3,3,5,1,3,2,3,3,4,3,5,5,3,2,2,3,5,3,5,4,5,5,Lombardia,Maschio,16-34
2020/11/219:40:22PMCET,1,1-3,Altri,Desperados,1,2,3,5,5,5,5,5,5,2,3,5,5,2,3,3,5,2,3,2,2,2,2,2,4,1,5,3,5,3,Campania,Femmina,16-34
2020/11/219:40:23PMCET,1,1-3,Tennents,,1,1,1,5,5,5,3,5,5,2,3,5,5,5,2,1,5,1,5,2,5,1,1,1,5,2,5,5,5,5,Campania,Femmina,35-65
2020/11/219:40:46PMCET,1,1-3,Heineken,,1,1,1,1,1,1,2,1,1,3,1,5,3,2,2,3,3,3,4,4,2,1,1,4,5,3,5,5,3,4,Campania,Femmina,35-65
2020/11/219:41:10PMCET,1,Piudi6,Altri,Fischer,1,1,1,2,5,5,4,4,3,3,3,4,3,3,3,2,1,1,3,3,3,1,1,1,3,1,5,3,3,1,Campania,Maschio,16-34
2020/11/219:41:13PMCET,1,1-3,Heineken,,1,1,1,1,1,1,1,1,1,1,1,1,1,1,1,1,1,1,1,1,1,1,1,1,1,1,1,1,1,1,Campania,Maschio,35-65
2020/11/219:41:16PMCET,1,1-3,Tennents,,1,3,3,4,4,4,3,2,5,4,3,5,3,5,3,3,4,3,3,3,3,2,1,2,4,2,5,5,5,5,Veneto,Femmina,16-34
2020/11/219:41:58PMCET,1,1-3,Heineken,,3,5,3,2,4,3,2,4,2,4,3,3,2,4,2,4,2,4,2,3,4,3,3,4,2,3,3,4,5,2,1cilia,Femmina,16-34
2020/11/219:43:29PMCET,1,Piudi6,Ichnusa,,2,2,2,1,3,1,2,1,2,1,4,4,5,1,1,2,5,4,5,3,5,2,1,2,5,2,5,5,3,4,Lazio,Maschio,16-34
2020/11/219:43:51PMCET,0,4-6,Ichnusa,,5,5,2,4,3,4,4,4,3,5,4,3,3,4,3,4,2,3,5,5,3,2,4,2,5,2,5,5,5,3,Campania,Maschio,16-34
2020/11/219:44:23PMCET,0,1-3,Heineken,,2,2,3,2,2,2,4,4,5,3,5,4,4,1,3,3,4,4,5,4,5,3,3,3,5,4,5,5,4,5,Campania,Maschio,35-65
2020/11/219:44:24PMCET,0,1-3,Heineken,,3,2,2,2,3,3,2,4,4,5,5,3,3,2,3,4,5,4,5,5,4,3,3,3,3,4,3,3,3,4,1cilia,Femmina,16-34
2020/11/219:44:28PMCET,1,4-6,Heineken,,1,1,3,5,4,1,1,1,3,1,1,3,1,1,1,1,3,3,3,1,3,1,3,1,4,1,1,4,1,1,Campania,Maschio,16-34
2020/11/219:44:42PMCET,0,1-3,Heineken,,3,4,3,3,3,3,3,3,3,5,4,4,4,4,4,4,4,4,4,4,4,3,3,4,5,5,5,5,5,5,Campania,Femmina,16-34
2020/11/219:46:09PMCET,1,1-3,Ichnusa,,1,1,1,3,4,4,2,5,3,3,1,4,1,3,3,1,4,2,4,1,1,1,1,1,5,1,5,5,5,4,Campania,Maschio,35-65
2020/11/219:46:17PMCET,0,1-3,Ichnusa,,2,2,3,5,5,5,1,1,3,3,4,5,4,3,3,4,5,3,4,2,4,2,1,3,5,2,4,4,4,4,Campania,Femmina,16-34
2020/11/219:46:44PMCET,0,4-6,Altri,Corona,1,1,2,3,2,3,4,3,2,2,3,2,3,3,2,2,4,2,5,2,2,1,2,1,5,3,5,5,3,3,Campania,Femmina,16-34
2020/11/219:46:45PMCET,0,4-6,Heineken,,2,3,3,2,2,1,2,3,5,3,4,3,4,2,3,3,3,2,3,2,3,2,4,3,5,2,4,5,4,4,Campania,Femmina,35-65
2020/11/219:47:16PMCET,0,1-3,Heineken,,1,1,1,1,1,1,1,1,1,1,1,1,1,1,1,1,1,1,1,1,1,1,1,1,1,1,1,1,1,1,Campania,Femmina,35-65
2020/11/219:48:21PMCET,0,4-6,Becks,,2,2,3,4,4,4,3,2,4,1,3,5,3,3,3,2,4,4,5,3,5,2,2,3,5,2,5,5,5,5,Campania,Maschio,35-65
2020/11/219:48:38PMCET,1,1-3,Ichnusa,,3,4,3,2,3,2,3,2,2,4,4,3,3,3,3,2,2,2,2,3,2,4,4,3,3,3,3,2,4,3,Lazio,Maschio,16-34
2020/11/219:49:08PMCET,0,4-6,Heineken,,2,5,5,5,5,4,3,2,3,3,3,5,5,1,1,4,1,2,5,1,1,1,1,1,4,3,5,3,4,3,Campania,Maschio,16-34
2020/11/219:49:29PMCET,0,4-6,Heineken,,2,1,2,2,3,3,3,2,2,3,4,4,3,3,3,3,4,2,4,3,3,2,2,1,5,2,5,4,4,2,Campania,Femmina,35-65
2020/11/219:49:59PMCET,1,1-3,Altri,Nastroazzurro,1,1,5,1,1,1,1,5,1,1,1,5,3,1,5,1,5,1,5,1,5,1,1,1,1,1,1,1,1,1,Campania,Femmina,16-34
2020/11/219:50:11PMCET,0,4-6,Heineken,,2,2,2,3,4,5,3,2,4,2,2,5,5,4,4,4,4,3,5,2,5,2,1,2,1,1,3,3,3,2,Campania,Maschio,16-34
2020/11/219:50:12PMCET,0,1-3,Ichnusa,,2,3,3,1,1,1,1,3,1,3,3,1,2,3,3,2,1,3,1,4,3,3,2,2,5,3,2,4,1,2,Campania,Femmina,16-34
2020/11/219:50:58PMCET,1,1-3,Tennents,,2,2,3,3,3,3,2,3,2,2,2,4,2,2,2,2,3,2,3,2,2,2,2,2,2,1,4,3,3,3,Campania,Maschio,35-65
2020/11/219:51:30PMCET,0,1-3,Heineken,,1,1,1,4,4,4,4,4,4,4,1,5,3,3,3,4,4,5,5,2,3,2,2,3,5,3,5,5,4,3,Campania,Femmina,16-34
2020/11/219:53:10PMCET,1,1-3,Heineken,,3,2,1,3,2,3,3,5,3,3,2,4,5,3,3,2,4,2,4,2,2,2,3,2,4,2,3,4,3,3,Trenti0AltoAdige,Femmina,16-34
2020/11/219:53:24PMCET,0,1-3,Moretti,,3,3,3,3,2,3,4,4,4,5,5,3,4,4,5,4,5,3,5,3,5,4,2,3,5,3,5,5,5,5,Campania,Femmina,35-65
2020/11/219:53:33PMCET,0,1-3,Tennents,,2,3,4,5,5,5,4,5,5,5,3,5,5,5,2,3,5,3,4,4,5,3,4,2,5,2,5,5,5,5,Lazio,Maschio,16-34
2020/11/219:55:07PMCET,1,4-6,Heineken,,3,3,3,2,5,5,3,3,3,2,5,5,4,3,3,4,4,3,5,2,3,2,1,3,5,3,5,4,5,3,Campania,Femmina,16-34
2020/11/219:56:08PMCET,0,1-3,Heineken,,1,3,3,5,4,5,1,2,2,3,3,3,5,3,4,3,3,3,5,4,3,4,4,2,5,2,5,3,4,5,Campania,Femmina,16-34
2020/11/219:56:57PMCET,1,4-6,Ichnusa,,1,1,1,1,1,1,1,1,1,1,1,5,1,1,1,1,1,1,1,1,1,1,1,1,1,1,1,1,1,1,Campania,Femmina,35-65
2020/11/219:58:58PMCET,1,1-3,Peroni,,2,2,1,4,4,4,5,2,2,1,3,1,3,1,3,1,3,4,5,3,4,1,1,2,4,2,5,5,5,4,Campania,Femmina,35-65
2020/11/219:59:14PMCET,0,1-3,Heineken,,1,2,1,2,2,1,2,5,1,1,1,1,1,1,1,1,1,1,1,5,1,1,1,1,1,2,1,1,1,1,Campania,Femmina,35-65
2020/11/2110:00:23PMCET,0,1-3,Heineken,,2,2,3,3,3,2,1,1,4,2,2,1,2,2,2,1,2,2,4,3,2,2,1,2,4,3,4,3,5,2,1cilia,Femmina,16-34
2020/11/2110:01:40PMCET,1,1-3,Ichnusa,,1,1,1,1,1,1,5,5,5,1,1,5,3,2,1,1,3,1,3,1,3,1,5,2,2,2,2,3,3,3,Lombardia,Maschio,35-65
2020/11/2110:03:26PMCET,0,1-3,Heineken,,2,1,3,4,4,3,4,3,5,2,4,5,3,2,3,2,4,3,4,2,4,2,2,2,5,2,5,5,5,4,Campania,Maschio,35-65
2020/11/2110:03:34PMCET,0,1-3,Ichnusa,,3,3,3,2,1,1,4,4,2,2,2,1,1,2,3,2,2,3,1,2,2,3,4,3,2,3,2,2,3,2,Campania,Femmina,16-34
2020/11/2110:04:04PMCET,1,1-3,Tennents,,1,1,1,5,5,5,3,5,5,2,3,5,5,5,2,1,5,1,5,2,5,1,1,1,5,2,5,5,5,5,Campania,Femmina,35-65
2020/11/2110:05:12PMCET,0,4-6,Heineken,,4,4,4,3,3,4,4,2,4,4,3,3,3,5,5,4,3,4,4,3,4,4,4,5,4,4,4,4,4,5,Campania,Maschio,16-34
2020/11/2110:05:38PMCET,1,1-3,Heineken,,1,1,1,1,1,1,4,5,5,4,1,5,2,1,3,4,3,4,5,2,4,1,1,3,5,2,5,5,5,5,Toscana,Femmina,16-34
2020/11/2110:06:15PMCET,0,1-3,Ichnusa,,4,4,5,5,4,4,4,5,5,4,4,4,4,5,5,5,4,4,5,5,4,5,4,5,4,4,5,5,5,4,Campania,Maschio,16-34
2020/11/2110:07:29PMCET,1,1-3,Moretti,,2,2,2,5,5,5,4,3,4,3,5,5,3,3,5,4,2,3,5,3,5,3,2,3,5,5,5,5,5,5,Campania,Maschio,35-65
2020/11/2110:08:18PMCET,0,1-3,Heineken,,4,5,3,5,5,4,3,4,4,5,3,5,5,5,3,5,5,4,3,3,3,3,2,5,3,4,4,4,4,4,Trenti0AltoAdige,Maschio,16-34
2020/11/2110:10:28PMCET,0,1-3,Becks,,2,2,3,5,5,5,4,3,5,3,5,5,5,3,3,5,5,3,5,3,5,1,1,2,5,2,5,5,5,5,Campania,Femmina,35-65
2020/11/2110:10:41PMCET,0,4-6,Heineken,,2,2,3,5,5,4,5,4,5,2,4,5,3,2,1,2,4,4,2,4,2,1,2,2,5,2,4,2,2,2,Campania,Maschio,35-65
2020/11/2110:12:26PMCET,0,1-3,Tennents,,3,3,3,3,3,3,3,3,3,3,3,3,3,3,3,3,3,3,3,3,3,3,3,4,3,3,3,3,3,3,Campania,Femmina,16-34
2020/11/2110:12:49PMCET,0,4-6,Heineken,,5,5,5,4,4,2,3,3,3,4,4,3,2,4,5,3,2,2,2,3,3,4,4,4,2,4,1,3,2,3,Campania,Femmina,16-34
2020/11/2110:16:36PMCET,0,1-3,Heineken,,2,2,2,3,5,3,4,4,3,5,4,5,4,2,3,5,3,2,4,2,2,1,1,2,5,2,5,4,5,4,Campania,Femmina,16-34
2020/11/2110:16:42PMCET,0,1-3,Ichnusa,,1,1,1,4,5,5,3,5,3,3,2,5,3,3,4,3,5,3,4,1,2,2,3,2,5,2,5,4,3,2,Veneto,Maschio,16-34
2020/11/2110:17:21PMCET,1,1-3,Becks,,2,2,3,5,3,3,5,5,4,3,5,5,5,5,5,5,5,1,5,5,3,2,2,3,5,1,5,5,4,5,Campania,Femmina,35-65
2020/11/2110:17:25PMCET,1,1-3,Tennents,,1,1,1,4,4,4,3,2,4,1,2,3,3,3,3,1,3,1,4,3,1,1,3,1,3,1,4,3,3,3,Campania,Femmina,35-65
2020/11/2110:17:32PMCET,0,4-6,Altri,Corona,4,4,4,4,4,4,4,1,1,1,1,1,1,1,1,1,1,3,1,1,1,4,4,3,1,4,1,1,1,1,Campania,Femmina,35-65
2020/11/2110:18:52PMCET,1,4-6,Altri,Leffe,2,2,2,3,2,2,3,2,2,2,3,4,2,2,2,2,3,2,3,2,2,2,3,3,4,3,3,3,2,3,Campania,Maschio,35-65
2020/11/2110:19:28PMCET,1,1-3,Heineken,,1,1,1,1,1,1,1,1,1,1,2,2,1,1,3,3,3,3,5,1,1,1,1,1,4,1,4,3,2,2,Campania,Maschio,35-65
2020/11/2110:21:39PMCET,0,4-6,Peroni,,4,3,3,2,3,3,2,2,5,3,4,4,3,3,2,2,5,4,5,5,5,3,3,3,5,1,5,5,5,5,Campagna,Femmina,35-65
2020/11/2110:24:58PMCET,1,1-3,Altri,Leffe,1,1,1,4,4,4,2,2,3,1,2,5,1,2,2,1,3,1,1,1,2,1,1,1,3,1,3,3,3,2,Campania,Femmina,35-65
2020/11/2110:25:20PMCET,0,1-3,Ichnusa,,3,4,3,2,2,2,2,4,1,3,1,4,3,3,3,3,3,3,2,2,2,3,4,3,3,3,3,2,3,3,Lombardia,Femmina,16-34
2020/11/2110:25:22PMCET,0,1-3,Menabrea,,3,2,3,2,4,2,3,1,3,2,3,2,4,3,2,2,5,3,3,4,3,3,2,2,2,2,3,2,4,2,Campania,Maschio,16-34
2020/11/2110:25:33PMCET,0,1-3,Menabrea,,3,2,3,2,4,2,3,1,3,2,3,2,4,3,2,2,5,3,3,4,3,3,2,2,2,2,3,2,4,2,Campania,Maschio,16-34
2020/11/2110:26:53PMCET,0,1-3,Ceres,,4,4,4,3,3,2,1,2,1,2,3,2,2,2,3,2,1,5,2,2,3,4,2,3,2,2,3,3,2,2,Lazio,Femmina,35-65
2020/11/2110:28:54PMCET,1,1-3,Tennents,,4,5,4,5,5,5,3,1,4,3,3,2,4,4,5,5,3,4,2,4,3,5,5,5,5,5,5,5,4,4,Lombardia,Maschio,16-34
2020/11/2110:29:24PMCET,0,4-6,Becks,,4,4,3,3,2,2,4,1,2,1,2,1,1,3,4,1,1,2,1,3,3,3,2,4,3,5,2,1,1,2,Campania,Femmina,16-34
2020/11/2110:29:46PMCET,1,1-3,Ichnusa,,1,1,1,1,1,1,3,3,2,1,1,5,1,1,1,2,2,2,3,1,1,1,1,1,3,1,3,2,4,1,Campania,Maschio,35-65
2020/11/2110:30:00PMCET,0,4-6,Heineken,,2,3,3,3,3,3,5,4,5,4,4,3,5,3,5,4,5,3,5,5,4,4,3,4,5,3,5,5,3,5,Campania,Femmina,35-65
2020/11/2110:33:25PMCET,1,1-3,Altri,Corona,1,1,1,3,3,3,1,2,4,2,1,5,3,1,2,2,5,4,5,1,4,2,1,1,5,1,4,4,5,5,Campania,Femmina,35-65
2020/11/2110:33:56PMCET,1,1-3,Morena,,3,3,3,2,3,2,2,3,2,3,4,3,3,3,3,3,2,2,3,3,2,3,3,2,3,3,3,3,4,3,Campania,Femmina,35-65
2020/11/2110:35:24PMCET,1,1-3,Tennents,,1,2,2,5,5,5,1,5,3,4,2,5,4,5,3,5,5,5,2,1,5,2,3,4,3,2,5,4,5,4,campania,Femmina,16-34
2020/11/2110:36:08PMCET,1,1-3,Peroni,,1,1,2,2,5,4,5,5,5,1,5,2,2,1,4,5,5,4,5,5,5,5,1,4,5,5,5,5,5,5,Campania,Maschio,35-65
2020/11/2110:38:48PMCET,1,1-3,Altri,Budweiser,5,5,5,5,5,5,5,5,5,5,5,1,5,1,1,1,1,1,3,5,4,5,4,4,2,1,1,1,1,1,Campania,Maschio,35-65
2020/11/2110:39:56PMCET,0,1-3,Heineken,,3,4,4,3,3,3,2,4,3,3,4,4,4,1,4,4,3,3,5,2,2,3,4,4,1,2,1,2,2,2,Campania,Maschio,16-34
2020/11/2110:40:13PMCET,0,4-6,Becks,,4,4,5,4,5,5,5,4,3,3,3,3,2,3,3,3,3,3,3,3,3,3,3,3,3,3,2,4,3,3,Piemonte,Maschio,35-65
2020/11/2110:41:42PMCET,0,Piudi6,Moretti,,3,1,3,1,2,1,5,1,3,1,2,5,3,1,2,2,4,3,3,1,1,1,1,1,5,1,3,3,3,1,Campania,Maschio,35-65
2020/11/2110:43:18PMCET,0,1-3,Ichnusa,,3,3,3,3,3,3,1,1,1,3,1,1,1,4,2,3,1,3,1,2,3,3,1,3,1,2,1,1,1,2,1cilia,Femmina,16-34
2020/11/2110:48:45PMCET,0,Piudi6,Altri,Guinness,1,1,1,5,5,5,4,5,5,5,5,5,5,5,5,5,5,5,5,1,5,1,5,1,5,2,5,5,5,5,Piemonte,Maschio,16-34
2020/11/2110:49:54PMCET,0,1-3,Moretti,,1,1,1,3,4,3,1,2,5,2,2,4,5,3,2,2,5,3,4,2,3,2,3,2,4,1,5,4,3,2,Toscana,Maschio,16-34
2020/11/2110:49:58PMCET,0,4-6,Altri,Stellaartois,1,3,3,4,5,5,4,5,5,3,2,3,3,2,2,3,5,4,5,3,4,1,1,3,5,1,5,5,5,3,Lombardia,Femmina,35-65
2020/11/2110:53:50PMCET,1,1-3,Peroni,,1,1,1,5,4,4,3,1,4,1,1,5,2,2,3,3,5,4,4,3,4,1,1,2,5,1,5,5,5,5,Campania,Maschio,35-65
2020/11/2110:54:03PMCET,1,1-3,Ichnusa,,3,3,2,2,4,4,3,2,3,1,1,5,1,1,1,1,1,2,2,2,2,1,3,2,3,2,4,4,2,2,Lazio,Maschio,35-65
2020/11/2110:54:21PMCET,0,1-3,Altri,Guinness,3,2,5,3,2,1,5,3,5,3,2,5,5,3,5,5,5,5,5,2,5,2,4,3,5,5,5,5,3,5,Lazio,Maschio,35-65
2020/11/2110:55:15PMCET,1,1-3,Moretti,,3,3,3,3,3,3,3,3,3,3,3,3,3,3,3,3,3,3,3,3,3,3,3,3,3,3,3,3,3,3,Piemonte,Maschio,35-65
2020/11/2110:56:21PMCET,0,1-3,Ichnusa,,2,2,3,3,3,3,5,2,5,2,2,3,4,4,4,2,3,2,4,3,3,2,2,2,5,3,5,5,3,3,Campania,Femmina,35-65
2020/11/2111:00:22PMCET,1,4-6,Ichnusa,,1,1,1,4,4,4,5,5,5,1,1,5,2,1,1,1,5,5,5,3,4,1,1,1,3,1,2,3,2,3,Lazio,Femmina,16-34
2020/11/2111:07:33PMCET,1,1-3,Tennents,,1,2,2,1,4,4,3,5,5,3,3,4,3,2,2,2,3,2,5,5,4,1,2,3,4,2,3,3,5,4,Puglia,Femmina,16-34
2020/11/2111:07:37PMCET,1,1-3,Heineken,,3,5,3,2,4,3,2,4,2,4,3,3,2,4,2,4,2,4,2,3,4,3,3,4,2,3,3,4,5,2,1cilia,Femmina,16-34
2020/11/2111:10:40PMCET,0,1-3,Ceres,,4,4,3,3,1,1,3,4,4,1,5,1,3,3,3,3,1,2,1,1,1,1,3,2,1,4,1,1,1,2,Campania,Femmina,35-65
2020/11/2111:14:05PMCET,1,1-3,Peroni,,2,2,2,2,1,3,2,1,3,1,1,1,1,2,3,1,2,2,1,3,3,2,2,1,2,1,3,2,3,2,Campania,Maschio,35-65
2020/11/2111:14:53PMCET,1,1-3,Ichnusa,,3,4,3,2,3,2,3,2,2,4,4,3,3,3,3,2,2,2,2,3,2,4,4,3,3,3,3,2,4,3,Lazio,Maschio,16-34
2020/11/2111:16:25PMCET,0,1-3,Heineken,,4,5,3,5,5,4,3,4,4,5,3,5,5,5,3,5,5,4,3,3,3,3,2,5,3,4,4,4,4,4,Molise,Maschio,16-34
2020/11/2111:17:13PMCET,0,Piudi6,Ichnusa,,3,3,3,4,4,4,4,4,4,5,5,5,4,4,4,5,5,5,5,5,5,3,2,3,5,3,5,5,5,5,Lombardia,Maschio,35-65
2020/11/2111:20:02PMCET,1,1-3,Ceres,,1,2,1,1,1,1,4,1,4,2,3,2,5,4,3,5,4,5,2,4,3,5,4,4,4,5,4,5,2,5,Campania,Maschio,35-65
2020/11/2111:22:53PMCET,0,4-6,Menabrea,,2,2,2,5,5,5,3,3,3,3,4,3,5,3,3,3,5,5,5,2,3,2,2,3,5,2,3,4,5,4,Campania,Femmina,35-65
2020/11/2111:23:05PMCET,1,1-3,Ichnusa,,4,4,4,5,1,1,5,1,2,4,4,1,3,1,1,4,2,3,1,5,1,5,5,4,1,5,1,1,1,1,Campania,Maschio,35-65
2020/11/2111:29:10PMCET,0,4-6,Ichnusa,,3,3,3,3,3,3,5,4,4,2,3,5,2,1,3,1,3,1,5,3,3,2,1,3,5,1,3,5,5,3,Campania,Maschio,35-65
2020/11/2111:29:56PMCET,0,4-6,Heineken,,1,1,2,5,5,5,3,3,5,2,5,3,5,3,2,1,3,3,4,4,3,1,1,1,5,1,5,5,5,5,Campania,Femmina,35-65
2020/11/2111:32:36PMCET,0,1-3,Peroni,,2,2,3,5,4,4,3,3,5,1,4,5,4,2,4,3,4,4,2,3,3,4,2,2,5,4,5,5,5,5,Campania,Femmina,35-65
2020/11/2111:32:41PMCET,1,1-3,Tennents,,3,3,3,3,3,3,3,5,2,3,2,3,4,4,3,3,3,3,3,2,5,3,3,3,5,5,3,4,5,5,Campania,Femmina,35-65
2020/11/2111:35:37PMCET,1,4-6,Heineken,,1,1,2,5,5,5,3,3,2,2,5,1,3,3,4,2,5,2,4,2,4,1,1,2,5,2,5,5,5,3,Lazio,Maschio,35-65
2020/11/2111:44:27PMCET,1,1-3,Ichnusa,,1,1,1,3,3,3,2,4,3,5,3,3,3,2,1,1,3,2,2,2,2,1,1,1,2,1,1,2,2,2,Campania,Femmina,16-34
2020/11/2111:46:00PMCET,1,1-3,Ichnusa,,1,1,1,1,1,2,3,5,2,2,1,4,1,1,2,2,2,1,3,2,1,1,1,2,5,3,3,4,5,3,Campania,Maschio,35-65
2020/11/2111:46:55PMCET,0,1-3,Peroni,,2,1,1,4,4,4,5,3,5,3,1,5,3,3,3,1,3,1,3,1,1,1,1,1,5,1,3,3,5,5,Campania,Femmina,35-65
2020/11/2111:48:34PMCET,1,1-3,Ichnusa,,2,2,3,4,5,5,4,2,3,2,1,5,3,4,3,2,4,3,5,1,3,2,4,2,3,5,3,4,2,3,Campania,Maschio,35-65
2020/11/2111:54:55PMCET,1,1-3,Peroni,,4,5,4,2,2,1,3,5,4,5,3,4,2,2,2,5,2,4,2,3,4,4,3,3,1,5,1,3,3,2,Campania,Maschio,35-65
2020/11/2111:57:24PMCET,0,1-3,Heineken,,1,1,2,4,4,4,5,2,3,2,1,1,2,3,3,3,5,5,1,2,2,2,1,3,5,2,5,3,5,3,Veneto,Femmina,35-65
2020/11/2212:03:37AMCET,1,1-3,Peroni,,1,1,1,3,3,3,4,4,4,1,3,3,3,3,3,1,5,5,3,3,5,1,1,2,5,1,5,5,5,5,Campania,Maschio,35-65
2020/11/2212:06:18AMCET,1,1-3,Heineken,,1,1,1,1,5,5,5,2,5,2,2,5,2,3,1,3,4,1,3,1,5,1,1,1,3,1,4,4,4,3,Campania,Maschio,35-65
2020/11/2212:09:47AMCET,0,4-6,Heineken,,2,2,2,3,4,5,3,2,4,2,2,5,5,4,4,4,4,3,5,2,5,2,1,2,1,1,3,3,3,2,Campania,Maschio,16-34
2020/11/2212:11:58AMCET,1,1-3,Peroni,,1,2,2,4,4,3,3,2,3,2,4,4,2,2,4,2,5,3,4,2,3,1,1,1,4,1,2,2,5,5,Campania,Femmina,35-65
2020/11/2212:17:03AMCET,1,1-3,Tennents,,1,2,4,5,5,5,3,5,5,3,3,4,5,3,3,2,3,1,4,3,3,2,3,3,4,3,3,4,3,3,Campania,Maschio,35-65
2020/11/2212:23:38AMCET,1,1-3,Becks,,1,2,3,3,5,5,3,3,4,5,3,5,3,3,3,5,5,4,2,2,3,2,2,2,4,2,5,5,4,2,Veneto,Maschio,35-65
2020/11/2212:36:08AMCET,1,1-3,Moretti,,1,1,2,2,2,2,2,1,3,1,3,2,4,2,2,1,3,2,2,1,2,2,1,2,4,1,3,5,5,3,Campania,Femmina,35-65
2020/11/221:07:04AMCET,0,4-6,Heineken,,2,3,3,2,2,1,2,3,5,3,4,3,4,2,3,3,3,2,3,2,3,2,4,3,5,2,4,5,4,4,Campania,Femmina,35-65
2020/11/221:07:45AMCET,1,1-3,Altri,Nastroazzurro,1,1,5,1,1,1,1,5,1,1,1,5,3,1,5,1,5,1,5,1,5,1,1,1,1,1,1,1,1,1,Campania,Femmina,16-34
2020/11/221:25:18AMCET,1,1-3,Ceres,,2,2,3,3,2,3,3,2,2,3,3,3,3,2,2,2,2,2,3,3,2,1,2,3,5,4,5,5,5,4,Campania,Femmina,35-65
2020/11/221:27:50AMCET,1,1-3,Tennents,,1,2,2,5,5,5,1,5,3,4,2,5,4,5,3,5,5,5,2,1,5,2,3,4,3,2,5,4,5,4,Campania,Femmina,16-34
2020/11/221:38:34AMCET,1,1-3,Peroni,,5,5,5,2,1,1,4,4,5,5,5,3,5,5,1,5,1,5,5,5,4,5,5,5,1,5,1,3,1,3,Lazio,Maschio,16-34
2020/11/221:41:34AMCET,0,1-3,Moretti,,1,1,1,3,4,3,1,2,5,2,2,4,5,3,2,2,5,3,4,2,3,2,3,2,4,1,5,4,3,2,Toscana,Maschio,16-34
2020/11/221:57:46AMCET,1,1-3,Heineken,,2,3,3,2,1,1,3,4,5,2,1,5,4,2,1,1,3,3,3,2,1,1,1,2,2,1,1,2,4,3,Campania,Femmina,16-34
2020/11/222:19:43AMCET,1,4-6,Heineken,,1,1,3,5,4,1,1,1,3,1,1,3,1,1,1,1,3,3,3,1,3,1,3,1,4,1,1,4,1,1,Campania,Maschio,16-34
2020/11/227:08:48AMCET,1,1-3,Tennents,,1,1,1,3,3,3,4,5,5,2,5,5,5,3,4,2,5,5,3,1,2,1,2,2,5,1,4,5,5,5,Campania,Maschio,16-34
2020/11/227:15:45AMCET,1,1-3,Heineken,,1,3,3,1,3,3,1,1,1,1,3,5,1,1,1,3,3,1,1,1,1,1,1,1,1,1,1,1,1,1,Campania,Femmina,16-34
2020/11/227:44:27AMCET,1,1-3,Moretti,,1,1,2,2,2,2,2,1,3,1,3,2,4,2,2,1,3,2,2,1,2,2,1,2,4,1,3,5,5,3,Campania,Femmina,35-65
2020/11/227:48:10AMCET,1,1-3,Moretti,,1,1,2,2,2,2,2,1,3,1,3,2,4,2,2,1,3,2,2,1,2,2,1,2,4,1,3,5,5,3,Campania,Femmina,35-65
2020/11/227:50:54AMCET,0,1-3,Peroni,,3,2,3,4,4,4,2,5,3,2,2,4,5,3,4,3,5,2,5,5,3,3,1,2,5,1,5,5,5,2,Campania,Maschio,35-65
2020/11/227:58:46AMCET,1,1-3,Forst,,1,1,1,4,5,5,4,4,4,1,3,2,2,3,1,1,4,3,3,2,3,1,2,3,5,2,4,5,5,5,Lazio,Femmina,35-65
2020/11/228:21:21AMCET,1,1-3,Peroni,,5,5,5,5,5,5,5,5,3,5,4,4,5,5,4,4,3,5,3,5,3,5,5,5,1,2,1,1,1,1,Campania,Maschio,35-65
2020/11/228:29:52AMCET,0,1-3,Heineken,,1,1,1,2,3,3,5,5,5,1,1,5,5,5,5,4,5,5,1,1,5,1,1,1,5,1,5,5,5,4,Lazio,Maschio,35-65
2020/11/228:41:43AMCET,1,1-3,Ichnusa,,5,5,5,3,3,3,5,5,5,5,5,5,5,2,3,5,3,4,4,5,5,5,4,5,3,4,3,4,3,3,Sardegna,Femmina,16-34
2020/11/228:51:49AMCET,1,1-3,Altri,Bieredudesert,1,1,2,4,5,5,5,5,5,2,5,5,1,5,1,1,5,1,4,2,3,1,1,1,5,1,3,3,3,3,Campania,Maschio,35-65
2020/11/228:57:14AMCET,0,Piudi6,Altri,Stellaartois,2,2,4,3,3,3,5,5,3,2,5,5,4,3,3,2,3,3,5,2,4,1,4,2,4,2,5,5,5,5,EmiliaRomagna,Maschio,35-65
2020/11/228:57:27AMCET,0,1-3,Heineken,,2,2,2,2,1,1,1,4,3,2,3,3,5,3,5,5,3,4,3,4,4,1,3,4,4,3,3,3,3,3,Campania,Maschio,16-34
2020/11/228:57:52AMCET,1,4-6,Heineken,,4,5,4,5,5,5,3,5,5,5,5,1,5,2,4,5,5,5,5,5,5,4,5,4,5,2,4,5,3,5,Campania,Femmina,35-65
2020/11/229:06:56AMCET,1,1-3,Heineken,,1,1,1,1,1,2,2,3,3,1,2,5,3,2,2,2,4,3,5,3,4,2,2,2,3,1,3,3,3,3,Lazio,Femmina,35-65
2020/11/229:12:22AMCET,0,4-6,Altri,Birraartigianale,1,1,2,5,5,4,4,3,5,1,5,5,1,1,3,1,5,3,5,1,3,2,1,3,5,1,5,3,5,5,Puglia,Femmina,16-34
2020/11/229:14:57AMCET,0,4-6,Altri,Birraartigianale,2,2,2,5,5,5,2,2,2,2,5,5,5,5,2,5,5,5,5,5,5,2,2,2,5,2,5,5,5,5,Puglia,Maschio,35-65
2020/11/229:28:49AMCET,1,1-3,Heineken,,1,1,1,1,1,1,1,1,1,1,1,1,1,1,1,2,2,1,1,1,1,1,1,1,1,1,1,1,1,1,Campania,Maschio,35-65
2020/11/229:37:30AMCET,0,1-3,Heineken,,3,1,1,5,5,5,5,5,2,2,1,3,4,1,1,5,5,1,4,2,1,1,3,1,5,1,2,5,5,4,Campania,Maschio,35-65
2020/11/229:42:24AMCET,1,1-3,Altri,GuldenDraak,1,1,1,3,3,3,1,5,5,1,5,5,3,1,1,1,3,2,4,1,1,1,3,1,3,1,5,3,3,2,Italia,Femmina,16-34
2020/11/229:44:35AMCET,1,4-6,Ichnusa,,1,1,3,4,4,4,2,5,3,5,3,3,4,3,3,2,4,3,5,2,4,2,3,3,5,2,5,3,3,3,Lazio,Maschio,16-34
2020/11/229:49:13AMCET,1,1-3,Heineken,,2,3,3,2,1,1,3,4,5,2,1,5,4,2,1,1,3,3,3,2,1,1,1,2,2,1,1,2,4,3,Campania,Femmina,16-34
2020/11/229:51:10AMCET,1,Piudi6,Peroni,,5,5,2,1,1,5,5,5,5,1,5,5,5,1,5,1,5,5,5,5,5,1,1,1,1,1,5,5,5,5,Campania,Maschio,35-65
2020/11/229:56:10AMCET,0,4-6,Becks,,2,2,3,4,4,4,3,2,4,2,2,4,4,3,2,2,4,4,5,3,4,3,4,4,5,3,4,4,4,4,Campania,Maschio,35-65
2020/11/229:56:47AMCET,1,1-3,Heineken,,3,2,1,3,2,3,3,5,3,3,2,4,5,3,3,2,4,2,4,2,2,2,3,2,4,2,3,4,3,3,Trenti0AltoAdige,Femmina,16-34
2020/11/229:57:01AMCET,0,4-6,Heineken,,4,4,3,2,2,3,2,2,2,3,3,5,2,3,3,4,1,3,3,1,2,3,3,4,3,3,1,1,1,1,Campania,Maschio,35-65
2020/11/229:57:18AMCET,1,1-3,Tennents,,1,1,1,5,5,5,5,5,5,3,1,4,3,4,5,5,5,5,1,1,4,1,5,2,4,1,5,4,5,4,Campania,Maschio,35-65
2020/11/229:59:04AMCET,1,1-3,Altri,Brewdog,1,1,1,4,5,5,3,5,5,3,3,5,3,3,3,2,5,3,5,2,3,1,1,1,5,2,5,5,4,4,Campania,Femmina,35-65
2020/11/2210:00:29AMCET,0,4-6,Peroni,,2,2,2,4,4,4,3,3,3,5,5,4,5,3,5,4,5,5,5,3,5,3,1,3,5,2,4,5,5,5,Campania,Maschio,35-65
2020/11/2210:03:55AMCET,1,1-3,Heineken,,1,1,2,1,1,1,3,1,1,1,1,5,2,2,2,1,1,1,1,1,2,1,1,1,2,1,2,2,2,2,Campania,Maschio,35-65
2020/11/2210:05:42AMCET,1,1-3,Ichnusa,,1,5,5,5,5,5,5,5,5,5,5,5,5,5,5,1,5,5,5,1,5,1,5,5,5,1,5,5,5,5,Campania,Maschio,35-65
2020/11/2210:05:49AMCET,1,1-3,Ichnusa,,1,5,5,5,5,5,5,5,5,5,5,5,5,5,5,1,5,5,5,1,5,1,5,5,5,1,5,5,5,5,Campania,Maschio,35-65
2020/11/2210:08:53AMCET,0,Piudi6,Altri,Leffe,2,2,2,3,3,1,3,5,3,2,2,1,1,3,1,1,3,2,5,5,3,1,3,1,2,1,4,4,2,2,Lazio,Maschio,35-65
2020/11/2210:11:18AMCET,0,1-3,Tennents,,2,3,4,5,5,5,4,5,5,5,3,5,5,5,2,3,5,3,4,4,5,3,4,2,5,2,5,5,5,5,Lazio,Maschio,16-34
2020/11/2210:15:11AMCET,1,1-3,Heineken,,1,1,1,5,5,5,1,4,5,1,5,5,5,5,1,1,5,1,5,1,4,1,1,3,5,1,5,5,1,5,Campania,Femmina,35-65
2020/11/2210:15:59AMCET,1,1-3,Peroni,,4,3,1,1,1,1,1,3,4,1,1,1,1,1,1,1,1,1,1,1,1,1,1,1,1,1,1,1,1,1,1cilia,Maschio,35-65
2020/11/2210:16:10AMCET,0,4-6,Heineken,,1,1,1,5,5,5,3,3,5,3,5,5,3,3,3,3,4,4,5,4,4,2,1,2,5,2,4,5,5,4,Campania,Femmina,35-65
2020/11/2210:21:02AMCET,1,1-3,Altri,Nastroazzurro,4,3,3,3,1,1,4,5,5,3,4,1,2,2,3,5,3,3,2,5,3,4,5,3,1,3,1,1,2,1,Campania,Femmina,35-65
2020/11/2210:30:33AMCET,0,1-3,Becks,,1,1,3,5,4,4,3,5,1,3,4,5,5,3,5,3,5,3,5,3,5,3,2,2,5,2,5,5,5,5,Campania,Femmina,35-65
2020/11/2210:33:45AMCET,0,4-6,Ichnusa,,2,2,2,3,3,3,3,5,5,5,5,5,5,3,3,3,5,5,4,3,3,2,2,2,3,3,4,3,4,3,Lazio,Maschio,35-65
2020/11/2210:34:28AMCET,0,1-3,Altri,Bud,2,1,3,5,5,5,5,5,4,3,5,4,5,4,4,3,4,3,5,3,4,2,2,2,5,2,5,4,4,5,Campania,Femmina,16-34
2020/11/2210:40:42AMCET,0,1-3,Becks,,3,3,3,3,2,2,1,1,1,3,2,2,2,3,2,3,2,4,4,5,5,3,4,4,3,3,3,3,3,3,Campania,Femmina,35-65
2020/11/2210:41:54AMCET,0,4-6,Tennents,,3,3,3,3,2,3,5,5,5,2,4,3,3,3,3,3,2,3,4,4,3,3,4,4,3,3,4,3,3,4,Campania,Femmina,35-65
2020/11/2210:52:56AMCET,0,4-6,Ichnusa,,1,1,3,5,3,4,1,2,3,3,1,4,3,4,2,3,4,3,5,2,4,2,2,4,5,2,4,5,5,5,Campania,Maschio,16-34
2020/11/2211:02:46AMCET,1,1-3,Peroni,,4,4,4,3,3,3,4,4,5,5,5,1,3,3,3,4,2,4,3,5,4,5,5,5,2,5,3,3,3,2,Lazio,Maschio,16-34
2020/11/2211:11:31AMCET,0,1-3,Tennents,,1,1,2,4,3,3,4,5,4,5,3,5,3,3,5,4,5,5,4,2,4,1,1,2,5,1,5,5,5,4,Campania,Femmina,16-34
2020/11/2211:14:54AMCET,1,1-3,Heineken,,2,2,2,2,1,3,2,3,3,3,2,3,3,2,2,3,4,4,2,3,2,2,3,3,4,2,4,4,3,3,Campania,Femmina,16-34
2020/11/2211:16:12AMCET,0,1-3,Heineken,,4,4,4,3,4,4,3,4,4,4,2,4,5,3,4,3,4,4,2,2,5,3,3,3,4,3,3,3,3,3,Lombardia,Maschio,35-65
2020/11/2211:22:15AMCET,0,Piudi6,Altri,Leffe,3,3,3,4,4,4,5,5,5,2,3,1,3,3,3,2,3,4,5,1,3,2,1,3,5,1,5,3,3,3,Lazio,Maschio,35-65
2020/11/2211:24:57AMCET,1,4-6,Tennents,,1,2,3,5,5,5,2,5,5,3,4,4,4,5,3,2,5,3,4,4,5,3,4,3,5,1,5,4,4,3,Campania,Maschio,16-34
2020/11/2211:25:33AMCET,0,1-3,Peroni,,4,3,4,3,3,3,3,4,3,3,3,4,3,3,3,3,3,3,4,3,3,3,3,4,4,3,4,3,3,3,Campania,Maschio,16-34
2020/11/2211:32:43AMCET,0,1-3,Ichnusa,,3,3,3,5,5,5,3,5,5,5,4,5,5,4,3,4,5,5,5,1,5,1,2,2,4,1,5,5,4,3,Campania,Femmina,16-34
2020/11/2211:33:24AMCET,0,4-6,Altri,Bud,1,2,2,3,4,4,5,2,4,3,4,2,3,3,2,1,3,2,5,2,2,2,5,3,5,3,5,3,5,4,Campania,Maschio,16-34
2020/11/2211:34:45AMCET,0,1-3,Peroni,,4,4,4,5,5,5,5,2,3,3,1,1,2,4,4,1,1,1,1,4,3,5,5,5,1,3,1,1,1,3,Campania,Maschio,16-34
2020/11/2211:35:23AMCET,1,1-3,Heineken,,4,4,4,4,4,3,3,3,3,3,3,3,3,3,3,3,3,3,3,3,3,3,3,3,3,3,3,3,4,3,Campania,Femmina,35-65
2020/11/2211:37:13AMCET,1,1-3,Peroni,,2,2,3,2,3,3,1,3,3,2,3,4,3,2,3,2,3,3,3,4,3,2,3,2,5,2,5,4,4,2,Campania,Maschio,16-34
2020/11/2211:47:06AMCET,0,1-3,Heineken,,2,1,1,5,5,5,3,3,3,3,3,5,5,5,5,3,4,3,3,3,3,3,3,3,5,3,3,3,3,3,Campania,Maschio,35-65
2020/11/2211:50:09AMCET,0,4-6,Ichnusa,Eku28,1,1,1,1,1,2,5,5,5,5,1,5,5,1,1,1,1,1,1,1,1,1,1,1,1,1,1,1,1,1,Campania,Maschio,35-65
2020/11/2211:57:54AMCET,0,1-3,Heineken,,2,1,3,4,4,3,4,3,5,2,4,5,3,2,3,2,4,3,4,2,4,2,2,2,5,2,5,5,5,4,Campania,Maschio,35-65
2020/11/2212:03:18PMCET,1,1-3,Tennents,,3,3,3,5,5,5,3,5,5,4,1,4,4,4,3,4,5,4,5,4,3,3,4,4,4,4,3,4,3,3,Campania,Maschio,35-65
2020/11/2212:17:12PMCET,1,1-3,Tennents,,2,2,3,5,5,5,2,2,3,2,2,5,3,3,3,2,5,2,2,1,2,1,2,2,5,1,5,3,5,5,Campania,Maschio,35-65
2020/11/2212:17:14PMCET,0,1-3,Becks,,1,1,2,3,2,2,2,2,3,2,2,4,3,1,3,2,3,2,3,2,2,2,3,2,5,2,4,5,4,3,Lazio,Femmina,35-65
2020/11/2212:22:09PMCET,0,1-3,Ichnusa,,2,3,3,1,1,1,1,3,1,3,3,1,2,3,3,2,1,3,1,4,3,3,2,2,5,3,2,4,1,2,Campania,Femmina,16-34
2020/11/2212:33:50PMCET,1,1-3,Ichnusa,,3,3,2,5,5,4,2,1,3,2,1,3,4,2,2,1,4,2,3,3,3,3,1,3,5,2,5,5,5,5,Lazio,Femmina,35-65
2020/11/2212:49:40PMCET,1,1-3,Altri,GuldenDraak,1,1,1,3,3,3,1,5,5,1,5,5,3,1,1,1,3,2,4,1,1,1,3,1,3,1,5,3,3,2,EmiliaRomagna,Femmina,16-34
2020/11/2212:49:43PMCET,1,1-3,Peroni,,4,4,4,3,3,3,4,4,5,5,5,1,3,3,3,4,2,4,3,5,4,5,5,5,2,5,3,3,3,2,Lazio,Maschio,16-34
2020/11/2212:50:25PMCET,0,1-3,Ichnusa,,5,5,4,3,2,2,4,5,2,2,2,2,2,3,3,4,2,3,3,3,2,4,3,3,2,3,2,2,2,2,Piemonte,Femmina,35-65
2020/11/2212:58:45PMCET,0,1-3,Heineken,,1,5,3,4,2,4,5,4,3,3,4,5,5,3,4,4,5,4,5,5,4,4,1,5,2,2,3,2,3,3,Campania,Maschio,35-65
2020/11/221:01:02PMCET,0,1-3,Becks,,4,4,3,1,1,1,4,4,1,3,4,1,1,1,1,1,1,1,5,4,5,4,1,4,5,3,5,5,5,5,Campania,Femmina,35-65
2020/11/221:02:35PMCET,0,1-3,Ceres,,1,2,2,5,5,5,3,5,5,3,2,4,4,3,4,4,3,3,4,3,2,2,1,1,5,2,5,5,5,4,Campania,Femmina,35-65
2020/11/221:06:09PMCET,1,1-3,Heineken,,3,2,3,2,3,2,2,1,2,1,1,3,2,2,1,3,2,1,2,1,2,1,1,2,2,1,2,1,2,2,Campania,Femmina,35-65
2020/11/221:07:02PMCET,1,1-3,Ichnusa,,1,1,1,3,3,2,1,5,4,1,4,5,1,1,4,1,5,4,5,3,5,1,1,1,5,1,5,3,5,4,Valled'Aosta,Femmina,16-34
2020/11/221:10:21PMCET,1,1-3,Moretti,,2,1,3,5,5,5,3,5,5,3,3,3,4,5,5,2,5,5,5,5,5,3,3,2,3,1,5,5,3,4,Campania,Maschio,16-34
2020/11/221:13:07PMCET,1,1-3,Peroni,,2,2,1,3,2,1,1,2,1,1,2,2,1,1,2,1,2,1,1,2,2,1,1,2,2,1,2,2,2,1,Campania,Maschio,35-65
2020/11/221:15:27PMCET,0,4-6,Ichnusa,,1,2,2,3,3,5,3,4,3,2,4,4,5,3,3,2,4,3,5,4,3,2,1,2,5,2,4,4,5,3,Lazio,Maschio,35-65
2020/11/221:23:56PMCET,1,1-3,Heineken,,1,1,1,2,2,3,4,4,5,1,2,3,2,1,1,1,3,3,2,2,2,1,1,1,3,2,3,3,3,3,Abruzzo,Maschio,35-65
2020/11/221:24:14PMCET,0,1-3,Becks,,3,3,3,1,5,2,3,2,3,3,3,4,3,3,3,4,3,3,3,3,3,2,1,3,5,3,5,5,3,3,Campania,Femmina,35-65
2020/11/221:37:39PMCET,1,1-3,Ichnusa,,2,2,1,4,4,4,2,4,3,4,3,3,3,5,2,2,3,4,2,3,2,3,3,5,2,3,3,4,3,4,Campania,Femmina,16-34
2020/11/221:41:25PMCET,0,1-3,Ichnusa,,2,2,3,4,4,4,4,3,5,2,3,3,3,3,3,2,4,4,4,3,3,2,2,3,5,2,3,4,4,4,Piemonte,Maschio,35-65
2020/11/221:52:45PMCET,0,1-3,Ichnusa,,5,5,5,4,5,4,2,3,4,5,3,1,3,2,5,5,4,4,2,5,3,5,5,5,3,5,4,4,4,5,Lazio,Maschio,16-34
2020/11/222:03:08PMCET,0,1-3,Heineken,,3,4,5,5,5,5,4,5,5,2,5,3,4,3,4,5,4,4,5,5,5,5,1,3,5,3,5,5,5,5,Campania,Femmina,35-65
2020/11/222:09:15PMCET,0,4-6,Ichnusa,,1,2,2,1,2,2,2,1,3,2,3,3,3,1,2,2,2,1,4,3,3,2,2,2,4,2,4,3,3,3,Lazio,Maschio,35-65
2020/11/222:17:29PMCET,1,1-3,Peroni,,2,2,3,2,3,3,1,3,3,2,3,4,3,2,3,2,3,3,3,4,3,2,3,2,5,2,5,4,4,2,Campania,Maschio,16-34
2020/11/222:24:54PMCET,0,1-3,Heineken,,2,2,1,3,4,4,4,3,4,5,4,1,3,1,4,1,5,4,5,5,5,1,1,3,5,4,5,5,5,5,Campania,Femmina,35-65
2020/11/222:29:32PMCET,0,1-3,Becks,,2,2,3,3,5,5,5,4,5,4,2,3,5,5,3,5,4,4,5,2,5,3,1,2,5,3,5,5,5,5,Campania,Maschio,35-65
2020/11/222:30:45PMCET,0,1-3,Altri,Poretti,1,1,1,1,2,1,1,1,1,1,2,1,1,1,1,1,1,1,1,1,2,1,1,1,1,1,2,2,1,1,Campania,Femmina,35-65
2020/11/222:31:10PMCET,0,Piudi6,Altri,Guinnes,1,1,3,5,5,5,5,3,5,3,5,5,5,2,5,1,5,1,5,3,5,2,2,3,5,1,5,5,5,5,Piemonte,Maschio,35-65
2020/11/222:37:30PMCET,1,1-3,Altri,Leffe,1,1,1,4,4,4,4,4,4,1,1,5,5,1,1,1,1,1,5,1,2,2,2,1,5,1,3,2,2,2,Lazio,Femmina,35-65
2020/11/222:42:20PMCET,1,1-3,Altri,NastroAzzurro,2,3,3,4,4,4,2,5,3,2,2,3,4,4,3,3,4,3,4,2,3,2,2,3,3,2,4,5,5,3,Lazio,Maschio,35-65
2020/11/222:50:14PMCET,1,1-3,Heineken,,1,2,1,1,2,3,3,4,4,5,1,2,2,2,3,4,4,5,3,3,3,2,1,2,2,2,4,4,5,4,Campania,Femmina,16-34
2020/11/223:19:59PMCET,0,1-3,Peroni,,1,2,1,1,3,2,4,4,4,4,4,4,4,4,4,4,4,4,4,4,4,3,3,4,4,4,4,4,5,4,Campania,Femmina,35-65
2020/11/223:20:17PMCET,1,1-3,Ichnusa,,1,1,1,2,3,2,4,1,5,1,3,4,3,2,1,1,5,5,4,2,5,2,1,1,5,2,5,5,5,5,Campania,Femmina,35-65
2020/11/223:27:34PMCET,0,4-6,Altri,Bud,1,2,2,3,4,4,5,2,4,3,4,2,3,3,2,1,3,2,5,2,2,2,5,3,5,3,5,3,5,4,Campania,Maschio,16-34
2020/11/223:40:34PMCET,0,1-3,Heineken,,2,2,2,5,4,5,5,5,5,3,4,1,4,2,4,5,5,5,5,5,5,2,2,3,5,2,5,5,5,4,EmiliaRomagna,Femmina,35-65
2020/11/224:02:23PMCET,0,4-6,Heineken,,5,5,5,3,2,4,4,5,3,3,4,3,4,3,3,3,4,4,4,4,4,4,4,3,3,4,3,4,4,4,Campania,Maschio,16-34
2020/11/224:19:16PMCET,0,1-3,Altri,Lebirredelgransanbernardo,3,3,3,3,4,3,2,4,4,2,3,4,4,3,3,3,4,3,4,3,4,3,3,4,5,3,4,4,4,4,Valled'Aosta,Femmina,16-34
2020/11/224:48:01PMCET,0,4-6,Heineken,,2,2,2,2,3,3,3,1,2,2,3,2,3,3,2,1,4,3,5,3,3,3,3,3,5,3,4,4,4,4,Campania,Maschio,16-34
2020/11/224:49:51PMCET,0,1-3,Ichnusa,,1,2,3,5,5,5,5,5,5,1,4,5,3,3,5,1,3,3,4,2,5,5,1,3,5,2,5,5,5,5,Lazio,Maschio,35-65
2020/11/224:50:00PMCET,1,1-3,Ichnusa,,5,4,5,2,1,1,1,1,2,1,3,1,1,1,1,5,1,1,1,3,1,5,3,3,1,5,1,2,3,1,Lombardia,Femmina,35-65
2020/11/224:51:51PMCET,1,1-3,Heineken,,5,5,4,3,3,3,2,4,2,2,4,1,1,2,3,5,4,3,2,4,2,5,5,4,2,5,2,2,2,3,1cilia,Maschio,16-34
2020/11/224:55:18PMCET,1,1-3,Peroni,,2,1,2,2,2,2,3,2,3,2,2,4,2,2,2,1,2,2,3,2,2,2,2,2,3,2,3,3,4,2,Campania,Maschio,35-65
2020/11/225:07:27PMCET,0,4-6,Heineken,,1,1,2,2,1,4,4,5,5,5,3,5,1,1,1,2,4,5,5,5,5,1,4,1,5,1,5,5,5,4,Campania,Maschio,35-65
2020/11/225:20:13PMCET,1,1-3,Ichnusa,,1,1,1,1,1,1,3,3,3,1,1,3,2,2,2,4,4,3,4,3,3,2,3,2,4,1,3,4,3,2,Campania,Femmina,35-65
2020/11/225:25:41PMCET,0,1-3,Heineken,,3,4,3,2,2,3,3,3,1,2,3,3,3,3,4,3,2,3,3,3,3,3,3,3,2,3,2,1,1,1,Campania,Femmina,35-65
2020/11/225:33:06PMCET,1,1-3,Becks,,3,3,3,4,3,4,4,4,3,3,3,3,3,4,3,3,5,4,5,3,4,4,4,3,4,2,4,4,5,4,Campania,Maschio,35-65
2020/11/225:33:40PMCET,1,1-3,Peroni,,1,2,2,4,4,3,3,2,3,2,4,4,2,2,4,2,5,3,4,2,3,1,1,1,4,1,2,2,5,5,Campania,Femmina,35-65
2020/11/225:38:07PMCET,1,1-3,Ichnusa,,1,1,1,4,5,5,5,1,5,3,4,3,5,3,3,3,5,3,5,3,5,1,1,1,5,2,5,5,5,5,Piemonte,Femmina,35-65
2020/11/225:41:39PMCET,1,1-3,Heineken,,4,4,4,2,2,2,5,4,4,4,4,1,2,3,4,4,3,4,1,1,3,3,4,3,1,3,3,1,3,2,Campania,Femmina,35-65
2020/11/225:48:01PMCET,1,1-3,Heineken,,1,1,1,1,1,1,1,1,1,1,1,3,1,1,1,1,1,1,2,1,1,1,2,2,1,2,5,5,5,2,Napoli,Femmina,35-65
2020/11/225:56:32PMCET,1,1-3,Heineken,,3,3,3,5,5,5,1,2,1,1,2,5,2,1,5,2,5,3,5,1,3,2,4,3,5,2,5,3,3,2,Campania,Maschio,16-34
2020/11/225:59:01PMCET,1,1-3,Peroni,,1,1,1,5,4,4,3,1,4,1,1,5,2,2,3,3,5,4,4,3,4,1,1,2,5,1,5,5,5,5,Campania,Maschio,35-65
2020/11/226:00:01PMCET,0,Piudi6,Menabrea,,2,2,2,4,5,5,3,5,4,2,2,5,5,5,4,2,5,5,4,2,3,2,2,4,5,4,4,5,5,5,Campania,Femmina,35-65
2020/11/226:11:06PMCET,1,1-3,Becks,,3,3,3,4,3,2,4,4,2,3,3,4,4,3,4,3,2,5,3,4,4,4,3,4,1,3,1,2,1,2,Campania,Femmina,35-65
2020/11/226:17:24PMCET,0,1-3,Heineken,,2,2,3,3,3,3,5,3,5,5,5,5,5,3,3,3,3,3,5,5,5,4,5,4,5,3,5,3,5,5,Campania,Femmina,35-65
2020/11/226:33:52PMCET,1,1-3,Tennents,,1,1,1,5,5,5,5,5,5,1,5,5,3,3,2,1,4,2,4,2,1,1,1,3,3,1,1,1,5,5,Campania,Femmina,35-65
2020/11/226:43:14PMCET,0,4-6,Ichnusa,,3,3,3,5,5,5,5,4,5,3,4,5,3,3,3,3,5,5,5,3,5,2,2,3,5,3,5,5,5,5,Campania,Femmina,35-65
2020/11/227:04:46PMCET,1,4-6,Altri,Leffe,4,4,4,2,2,3,3,2,2,3,3,2,3,3,3,3,3,4,3,3,3,3,3,3,3,3,3,3,3,3,1cilia,Maschio,16-34
2020/11/227:09:23PMCET,0,1-3,Peroni,,3,3,3,3,5,4,5,4,5,2,4,4,4,4,4,5,4,5,4,5,5,5,5,5,5,5,4,5,4,4,Campania,Femmina,35-65
2020/11/227:26:52PMCET,0,1-3,Heineken,,3,2,3,3,2,3,2,2,3,2,5,2,3,3,3,3,2,2,2,2,2,2,2,3,5,3,5,5,4,5,Marche,Femmina,35-65
2020/11/227:31:20PMCET,1,1-3,Heineken,,2,3,3,4,2,3,3,2,3,2,2,1,2,2,3,2,3,1,3,1,1,1,2,2,5,3,2,1,3,2,Campania,Femmina,35-65
2020/11/227:34:43PMCET,0,1-3,Ichnusa,,2,2,3,4,4,4,4,3,5,2,3,3,3,3,3,2,4,4,4,3,3,2,2,3,5,2,3,4,4,4,Piemonte,Maschio,35-65
2020/11/227:49:14PMCET,0,1-3,Ichnusa,,3,3,3,3,3,3,3,4,5,3,4,4,4,4,3,4,4,4,4,4,4,3,4,3,4,4,5,4,4,4,Valled'Aosta,Maschio,16-34
2020/11/227:56:55PMCET,0,1-3,Becks,,4,4,4,3,2,3,3,4,3,4,4,5,3,5,3,4,2,4,5,3,3,4,5,4,5,3,5,5,5,5,Campania,Femmina,35-65
2020/11/228:03:53PMCET,0,1-3,Peroni,,1,1,3,5,5,5,3,2,5,1,4,4,3,3,3,2,5,3,5,5,5,1,1,1,5,1,5,5,5,5,Campania,Femmina,35-65
2020/11/228:04:06PMCET,1,1-3,Ichnusa,,3,4,4,3,4,3,4,4,3,3,5,5,3,4,3,5,5,5,4,3,4,3,3,3,5,3,5,5,5,4,Campania,Femmina,35-65
2020/11/228:06:21PMCET,0,1-3,Heineken,,3,3,3,5,5,5,4,4,4,4,5,3,4,3,3,4,3,2,5,5,5,3,5,2,5,2,5,5,5,5,Campania,Femmina,35-65
2020/11/228:15:36PMCET,1,1-3,Becks,,1,1,1,1,3,2,3,5,3,1,3,5,3,3,3,3,2,3,3,3,3,1,1,2,5,1,4,5,5,4,Marche,Femmina,35-65
2020/11/228:18:37PMCET,0,1-3,Peroni,,1,1,1,3,3,3,3,4,2,1,5,5,3,3,3,1,5,1,3,1,3,1,1,1,5,1,3,3,5,3,Campania,Femmina,35-65
2020/11/228:20:37PMCET,0,1-3,Heineken,,3,3,3,3,3,3,3,3,3,4,2,2,1,3,3,2,4,3,1,1,3,1,1,2,3,2,4,4,4,4,Campania,Femmina,35-65
2020/11/228:20:45PMCET,1,4-6,Peroni,,2,2,2,2,2,3,2,2,2,2,2,2,2,2,3,3,2,2,3,4,3,3,1,3,3,3,3,3,5,4,Campania,Femmina,35-65
2020/11/228:21:30PMCET,0,1-3,Ichnusa,,2,1,1,3,3,3,4,5,5,2,4,5,5,2,2,5,2,3,5,4,5,2,2,5,5,5,5,5,5,5,Campania,Femmina,16-34
2020/11/228:27:16PMCET,0,4-6,Peroni,,2,2,2,1,1,1,2,1,2,2,1,1,1,2,2,1,1,1,3,2,3,2,2,2,4,2,4,3,3,2,Campania,Femmina,35-65
2020/11/228:31:32PMCET,0,4-6,Peroni,,3,3,4,4,4,4,3,3,3,2,4,5,4,3,3,1,3,2,5,2,2,3,1,4,4,1,2,3,4,3,Campania,Femmina,35-65
2020/11/228:31:44PMCET,1,1-3,Heineken,,2,2,2,2,1,1,1,5,1,4,3,4,3,3,4,3,3,3,2,3,2,4,4,3,3,2,2,2,3,2,Marche,Femmina,35-65
2020/11/228:35:09PMCET,1,1-3,Ichnusa,,5,5,5,5,5,5,5,5,5,5,5,5,5,5,5,5,5,5,5,5,5,5,5,5,5,5,5,5,5,5,Campania,Femmina,35-65
2020/11/228:36:21PMCET,1,1-3,Heineken,,1,2,1,1,2,3,3,4,4,5,1,2,2,2,3,4,4,5,3,3,3,2,1,2,2,2,4,4,5,4,Campania,Femmina,16-34
2020/11/228:36:33PMCET,1,1-3,Peroni,,2,2,2,3,4,3,4,2,4,2,4,3,3,2,3,2,3,3,4,4,3,3,3,3,5,2,5,5,5,5,Campania,Femmina,35-65
2020/11/228:38:15PMCET,0,1-3,Heineken,,2,2,3,2,1,2,3,2,3,3,2,3,3,2,2,2,4,2,3,3,2,2,1,2,4,2,3,4,3,3,Campania,Femmina,35-65
2020/11/228:38:44PMCET,1,1-3,Heineken,,1,1,1,3,4,4,5,5,5,1,2,1,4,4,5,5,4,4,5,5,5,3,3,1,5,3,5,5,4,4,Campania,Femmina,35-65
2020/11/228:43:21PMCET,1,4-6,Altri,Corona,1,1,1,4,4,4,3,3,3,2,2,4,4,3,3,3,4,2,3,2,2,2,2,2,4,2,4,3,3,3,Campania,Femmina,35-65
2020/11/228:53:16PMCET,0,1-3,Peroni,,4,1,3,5,4,4,5,1,5,1,4,1,3,3,4,1,5,4,5,5,4,1,1,3,5,1,5,5,5,5,Campania,Femmina,35-65
2020/11/229:00:23PMCET,1,1-3,Heineken,,2,2,3,2,3,1,2,3,5,2,3,1,2,1,2,1,1,2,3,5,1,1,2,1,4,1,3,3,2,3,Lazio,Femmina,35-65
2020/11/229:20:33PMCET,1,1-3,Moretti,,5,5,5,5,3,4,5,2,5,5,1,1,3,5,3,5,3,4,5,5,5,5,5,5,3,5,3,1,3,3,Campania,Femmina,35-65
2020/11/229:25:23PMCET,1,1-3,Peroni,,1,1,1,1,2,1,1,1,1,1,1,4,1,1,1,1,1,1,1,1,1,1,1,1,5,1,3,2,1,1,FriuliVeneziaGiulia,Femmina,35-65
2020/11/229:25:26PMCET,0,4-6,Moretti,,3,2,2,5,5,5,3,3,3,1,3,4,3,3,3,2,5,3,5,2,3,2,1,2,5,1,3,3,3,3,Campania,Femmina,35-65
2020/11/229:28:44PMCET,0,4-6,Ichnusa,,2,2,2,3,2,2,2,2,2,2,3,2,3,2,2,2,2,2,2,3,2,2,1,2,3,2,3,5,3,3,Lazio,Maschio,35-65
2020/11/229:31:06PMCET,0,1-3,Peroni,,3,3,4,3,4,2,4,3,3,3,2,3,3,3,4,3,4,2,3,3,2,3,2,3,4,4,3,3,4,3,Campania,Femmina,35-65
2020/11/229:35:30PMCET,0,1-3,Menabrea,,1,2,3,5,5,5,5,5,5,4,1,5,5,3,3,5,5,5,3,1,3,1,2,2,5,1,5,5,5,5,Campania,Maschio,35-65
2020/11/229:46:01PMCET,0,4-6,Ichnusa,,2,2,2,3,2,2,2,2,2,2,3,2,3,2,2,2,2,2,2,3,2,2,1,2,3,2,3,5,3,3,Molise,Maschio,35-65
2020/11/229:47:24PMCET,1,4-6,Heineken,,1,1,1,4,5,5,3,2,3,2,1,1,3,4,2,1,3,2,3,2,4,1,3,3,5,3,5,5,5,4,Campania,Femmina,35-65
2020/11/229:56:21PMCET,1,1-3,Altri,BirraanalcolicaTourtel,1,1,1,5,5,5,5,5,5,1,1,5,1,1,1,1,1,1,1,1,1,1,1,1,5,1,5,5,5,1,Campania,Femmina,35-65
2020/11/2210:07:59PMCET,1,1-3,Heineken,,1,1,2,5,5,5,3,3,3,3,1,5,3,3,4,1,3,3,1,2,3,1,1,1,2,3,3,4,2,3,Campania,Maschio,16-34
2020/11/2210:13:26PMCET,0,1-3,Altri,Dorada,1,1,1,2,1,1,1,1,1,2,3,5,5,1,5,1,5,3,5,3,3,2,1,3,5,3,5,5,3,5,FriuliVeneziaGiulia,Maschio,35-65
2020/11/2210:16:10PMCET,0,Piudi6,Ichnusa,,3,3,3,5,5,5,5,5,5,5,5,3,5,5,5,5,5,5,5,5,5,5,5,5,5,2,5,5,5,5,ValleD'aosta,Maschio,16-34
2020/11/2210:18:53PMCET,1,4-6,Heineken,,1,1,1,1,1,4,5,5,4,5,3,5,3,3,2,2,4,3,5,1,4,3,4,3,5,1,5,5,4,5,Campania,Femmina,35-65
2020/11/2210:19:25PMCET,1,1-3,Peroni,,1,1,1,5,3,5,3,1,5,1,2,4,4,3,3,1,5,2,4,2,2,1,1,1,5,1,5,5,5,5,Campania,Femmina,35-65
2020/11/2210:21:43PMCET,0,1-3,Ichnusa,,2,2,1,2,3,2,2,4,3,4,4,3,4,2,3,3,5,5,5,4,3,1,1,3,5,1,3,4,4,4,Campania,Femmina,35-65
2020/11/2210:25:38PMCET,0,1-3,Altri,Dorada,5,5,5,5,5,5,5,5,5,5,5,5,5,5,5,5,5,5,5,5,5,5,5,5,5,5,5,5,5,5,Valled'Aosta,Femmina,16-34
2020/11/2210:30:51PMCET,1,1-3,Heineken,,2,1,3,5,3,3,3,2,3,3,2,3,2,3,2,2,5,2,3,3,5,3,2,3,5,2,5,5,5,5,Campania,Femmina,35-65
2020/11/2210:31:08PMCET,1,1-3,Peroni,,4,4,4,1,1,1,1,1,3,5,2,3,1,1,1,5,1,1,1,1,1,4,5,5,1,5,1,1,1,1,Campania,Femmina,35-65
2020/11/2210:35:50PMCET,0,4-6,Peroni,,2,2,2,4,4,4,5,3,5,3,5,3,5,4,3,3,5,3,5,4,5,1,1,5,5,3,5,4,5,3,Campania,Femmina,35-65
2020/11/2210:46:02PMCET,0,1-3,Peroni,,1,2,3,5,4,4,3,1,4,2,3,3,4,3,3,4,4,4,4,4,4,2,1,2,5,4,4,5,4,5,Campania,Femmina,35-65
2020/11/2210:51:19PMCET,1,1-3,Heineken,,4,3,2,3,3,4,5,5,5,3,4,2,4,4,4,5,3,4,2,3,4,5,3,4,2,4,2,2,2,3,Campania,Femmina,35-65
2020/11/2210:52:52PMCET,1,1-3,Ichnusa,,2,4,4,5,5,5,3,5,4,2,4,4,4,3,4,2,4,4,4,1,4,2,2,2,5,2,5,5,5,4,Campania,Femmina,35-65
2020/11/2210:57:41PMCET,1,1-3,Ichnusa,,2,2,4,5,5,5,5,2,5,4,2,2,4,2,2,4,5,3,1,1,4,2,2,2,5,2,5,4,5,5,Lazio,Femmina,16-34
2020/11/2211:05:22PMCET,0,1-3,Altri,Leffe,5,5,5,5,5,5,5,5,5,5,5,5,5,5,5,5,5,5,5,5,5,5,5,5,5,5,5,5,5,5,Valled'Aosta,Femmina,16-34
2020/11/2211:10:40PMCET,1,1-3,Tennents,,2,2,2,5,5,5,3,5,5,2,3,5,1,3,5,1,5,5,4,5,5,3,2,1,5,3,5,4,5,4,Campania,Femmina,35-65
2020/11/2211:19:09PMCET,1,1-3,Heineken,,1,2,2,4,5,2,2,1,3,3,4,4,2,1,3,3,4,1,5,3,2,1,2,2,4,1,3,3,3,2,Campania,Femmina,35-65
2020/11/2211:31:38PMCET,0,1-3,Peroni,,3,4,4,4,4,4,1,2,3,2,2,3,3,3,3,5,5,3,5,5,5,3,1,2,5,3,5,5,5,3,Campania,Femmina,35-65
2020/11/2211:36:51PMCET,0,1-3,Becks,,4,4,4,2,2,2,4,2,3,2,2,1,4,3,3,4,3,3,1,4,2,3,5,3,1,3,1,1,1,1,Campania,Femmina,35-65
2020/11/2211:41:09PMCET,1,1-3,Becks,,1,1,2,4,4,4,5,2,5,2,3,4,3,4,4,5,3,3,5,4,2,1,3,3,2,1,4,3,5,3,Campania,Femmina,35-65
2020/11/2312:10:57AMCET,1,1-3,Ceres,,2,2,2,4,4,4,3,5,3,2,2,2,3,3,3,3,3,3,4,3,3,1,1,2,5,1,3,2,3,3,Campania,Femmina,35-65
2020/11/2312:13:47AMCET,1,Piudi6,Ceres,,1,1,1,4,4,5,5,5,5,3,3,3,4,4,4,1,4,2,5,2,2,2,2,3,4,2,5,5,5,5,Campania,Femmina,35-65
2020/11/2312:19:23AMCET,0,1-3,Heineken,,4,4,4,1,2,3,4,4,2,3,3,2,3,2,2,3,2,3,3,3,3,4,5,3,2,3,2,3,4,2,Campania,Femmina,35-65
2020/11/231:09:22AMCET,0,Piudi6,Altri,Corona,3,3,3,4,5,5,5,4,5,5,5,2,2,3,3,5,5,5,5,5,5,4,1,2,5,1,5,5,4,5,Campania,Femmina,16-34
2020/11/232:17:14AMCET,0,4-6,Moretti,,1,1,1,5,5,5,5,5,3,2,5,3,4,2,3,3,5,4,5,1,3,1,1,1,5,1,5,5,3,3,Campania,Femmina,35-65
2020/11/234:58:13AMCET,0,4-6,Becks,,3,4,3,2,1,1,3,3,1,3,5,1,3,3,3,3,3,5,1,5,5,4,5,5,3,4,3,3,1,3,Campania,Femmina,35-65
2020/11/235:59:24AMCET,0,1-3,Heineken,,2,2,2,5,5,5,3,2,3,3,5,1,3,4,5,3,3,2,5,4,5,3,1,2,5,3,5,5,3,3,Campania,Femmina,35-65
2020/11/236:36:34AMCET,1,1-3,Heineken,,3,3,4,5,4,2,3,4,5,4,2,5,1,1,3,3,3,3,1,5,4,4,4,4,5,4,5,5,4,3,Campania,Femmina,35-65
2020/11/237:26:03AMCET,1,1-3,Ceres,,5,5,5,4,4,4,3,2,3,5,5,3,5,5,5,5,3,4,4,4,3,5,4,4,1,5,2,1,1,2,Campania,Femmina,35-65
2020/11/237:40:40AMCET,0,4-6,Tennents,,5,4,4,4,5,4,3,2,4,4,4,3,3,3,4,3,3,3,2,3,4,4,4,3,3,4,2,3,3,3,Abruzzo,Femmina,35-65
2020/11/237:57:08AMCET,0,4-6,Ichnusa,,2,2,3,5,5,5,2,2,5,5,4,5,3,3,3,3,5,3,5,3,5,3,1,2,5,2,4,4,2,3,Campania,Femmina,35-65
2020/11/237:58:29AMCET,1,1-3,Altri,GuldenDraak,1,1,1,3,3,3,1,5,5,1,5,5,3,1,1,1,3,2,4,1,1,1,3,1,3,1,5,3,3,2,Italia,Femmina,16-34
2020/11/238:39:05AMCET,1,1-3,Ichnusa,,2,2,3,4,4,3,1,2,3,3,1,1,3,1,1,3,1,3,5,1,2,3,5,3,4,2,5,3,5,1,Campania,Maschio,16-34
2020/11/239:44:07AMCET,0,4-6,Ichnusa,,1,1,1,5,1,5,5,5,5,1,4,5,3,3,3,5,5,5,5,5,3,1,1,3,5,1,3,3,3,3,Campania,Maschio,35-65
2020/11/2310:54:25AMCET,1,1-3,Ichnusa,,1,1,1,1,1,1,5,5,5,1,1,5,3,2,1,1,3,1,3,1,3,1,5,2,2,2,2,3,3,3,Lombardia,Maschio,35-65
2020/11/2310:59:55AMCET,0,1-3,Heineken,,1,1,1,5,5,5,5,5,5,3,4,1,5,5,5,5,5,5,3,5,5,3,1,2,5,4,4,5,5,5,Campania,Femmina,35-65
2020/11/2311:04:02AMCET,1,1-3,Tennents,,2,2,3,3,3,3,2,3,2,2,2,4,2,2,2,2,3,2,3,2,2,2,2,2,2,1,4,3,3,3,Campania,Maschio,35-65
2020/11/2311:14:00AMCET,1,1-3,Menabrea,,1,1,2,2,1,4,3,2,1,1,4,4,3,1,1,1,4,3,5,1,3,1,1,1,5,1,5,5,2,3,Campania,Femmina,35-65
2020/11/2311:14:47AMCET,1,4-6,Peroni,,1,1,1,1,1,1,1,1,1,1,1,3,1,1,1,1,1,1,3,1,1,1,1,1,5,1,4,3,3,3,Abruzzo,Maschio,35-65
2020/11/2311:18:44AMCET,0,4-6,Altri,Kwak,2,2,2,5,5,5,2,1,1,4,3,4,4,2,3,3,4,1,2,2,2,2,2,2,5,2,5,5,5,5,Campania,Femmina,35-65
2020/11/2311:19:20AMCET,1,1-3,Altri,Leffe,1,1,2,2,1,4,3,3,1,2,2,5,3,3,3,3,3,2,3,2,3,3,3,2,4,4,3,5,5,5,Abruzzo,Femmina,35-65
2020/11/2311:20:11AMCET,1,1-3,Ichnusa,,2,2,3,5,5,5,4,4,5,5,5,5,4,3,3,4,5,3,5,3,3,1,1,3,5,3,5,5,5,5,FriuliVeneziaGiulia,Femmina,35-65
2020/11/2311:21:45AMCET,1,1-3,Heineken,,2,2,2,4,1,4,4,2,5,3,4,5,3,2,4,2,4,3,5,2,4,2,1,2,5,2,5,5,2,4,Marche,Femmina,35-65
2020/11/2311:27:22AMCET,1,1-3,Peroni,,5,5,5,5,5,5,5,5,5,5,5,5,5,5,5,5,5,5,5,5,5,5,5,5,5,5,5,5,5,5,Puglia,Femmina,35-65
2020/11/2311:27:38AMCET,1,1-3,Peroni,,1,1,1,1,2,2,2,3,2,2,3,5,2,3,1,1,3,1,3,1,2,1,2,1,4,1,2,5,5,5,Puglia,Femmina,16-34
2020/11/2312:30:30PMCET,1,4-6,Altri,Baladin,1,2,1,4,5,3,3,1,5,1,2,4,2,2,1,1,5,1,3,2,3,1,1,1,3,1,5,3,5,3,Lazio,Maschio,35-65
2020/11/231:25:51PMCET,0,4-6,Peroni,,1,2,2,2,2,2,3,5,4,1,5,5,5,3,3,3,5,5,5,2,5,1,1,1,5,1,5,5,5,4,Lazio,Maschio,35-65
2020/11/232:00:40PMCET,1,1-3,Heineken,,2,2,2,1,2,2,3,2,2,1,1,3,1,1,1,2,3,2,2,2,1,1,1,1,3,2,3,3,2,2,Campania,Maschio,35-65
2020/11/232:02:53PMCET,1,1-3,Peroni,,2,2,2,2,2,3,4,1,4,1,1,1,3,2,2,1,3,3,5,4,3,3,2,2,5,1,3,3,3,3,Campania,Maschio,35-65
2020/11/232:03:24PMCET,1,4-6,Peroni,,1,1,1,1,1,1,1,1,1,1,1,3,1,1,1,1,1,1,3,1,1,1,1,1,5,1,4,3,3,3,Abruzzo,Maschio,35-65
2020/11/232:06:59PMCET,1,1-3,Heineken,,1,1,1,2,3,2,1,1,1,1,2,5,2,1,1,5,5,5,5,2,5,2,2,1,5,3,5,5,4,5,Altro,Femmina,35-65
2020/11/233:03:29PMCET,1,1-3,Tennents,,1,1,1,3,3,3,4,5,5,2,5,5,5,3,4,2,5,5,3,1,2,1,2,2,5,1,4,5,5,5,Campania,Maschio,16-34
2020/11/233:08:23PMCET,1,1-3,Heineken,,2,2,2,4,1,4,4,2,5,3,4,5,3,2,4,2,4,3,5,2,4,2,1,2,5,2,5,5,2,4,Marche,Femmina,35-65
2020/11/234:58:30PMCET,1,1-3,Menabrea,,5,5,5,1,1,1,3,3,1,5,5,1,3,1,3,5,3,3,5,5,5,5,5,5,5,5,5,5,1,3,Piemonte,Maschio,35-65
2020/11/237:39:34PMCET,1,4-6,Peroni,,2,2,3,3,2,1,3,2,4,2,3,2,4,4,3,2,5,5,2,3,3,3,2,2,4,3,5,4,4,3,Campania,Femmina,16-34
2020/11/237:42:30PMCET,1,1-3,Peroni,,1,1,2,2,2,4,2,1,2,2,4,1,1,2,2,3,5,2,4,5,2,2,1,1,4,4,4,4,4,3,Lazio,Maschio,16-34
2020/11/237:43:30PMCET,1,1-3,Becks,,2,1,1,2,3,3,2,2,2,2,2,3,1,1,2,4,3,3,3,2,2,1,1,2,2,2,3,3,3,4,Campania,Femmina,35-65
2020/11/237:49:01PMCET,1,4-6,Peroni,,4,4,2,3,4,3,5,4,4,3,4,5,4,4,4,3,4,4,1,3,4,4,5,5,4,4,1,4,4,3,Campania,Femmina,16-34
2020/11/237:50:13PMCET,1,4-6,Altri,Corona,1,2,1,1,1,1,3,5,3,3,1,4,3,2,4,2,3,3,1,1,3,1,1,1,1,1,3,2,1,1,Lazio,Femmina,16-34
2020/11/237:51:24PMCET,1,1-3,Heineken,,3,5,4,3,4,2,3,5,5,4,3,3,3,4,3,4,3,3,4,4,4,4,5,4,1,3,3,3,3,3,Campania,Maschio,35-65
2020/11/237:51:49PMCET,0,Piudi6,Heineken,,4,5,5,5,4,4,3,4,4,4,4,4,3,4,3,5,4,4,4,4,3,5,4,3,4,4,4,3,4,4,Campania,Maschio,16-34
2020/11/237:53:52PMCET,1,1-3,Altri,Franziskanerweissbier,5,1,2,4,4,5,3,3,5,2,3,5,2,3,3,3,3,1,4,3,3,3,1,1,2,2,4,4,4,5,Campania,Femmina,35-65
2020/11/237:58:55PMCET,1,1-3,Heineken,,2,2,2,3,3,3,3,2,3,1,3,3,3,3,3,4,5,5,3,5,5,2,3,3,5,5,5,5,5,5,Campania,Maschio,35-65
2020/11/237:59:00PMCET,1,1-3,Heineken,,4,4,4,5,5,5,3,1,4,1,5,2,2,3,1,1,2,3,3,4,3,4,1,2,1,5,2,5,5,5,Campania,Maschio,16-34
2020/11/238:03:31PMCET,0,1-3,Tennents,,3,2,2,2,2,4,2,2,3,2,2,2,4,3,2,2,2,3,2,3,3,2,3,3,2,3,3,3,3,2,Lombardia,Maschio,35-65
2020/11/238:04:45PMCET,0,Piudi6,Heineken,,3,3,3,1,1,1,5,5,4,4,4,5,5,2,5,5,5,3,5,4,4,4,4,3,5,3,5,4,4,4,Lombardia,Maschio,16-34
2020/11/238:05:32PMCET,1,Piudi6,Menabrea,,2,2,2,4,4,5,3,4,3,3,4,5,4,3,4,2,5,3,5,2,3,2,3,2,5,1,3,3,3,2,Campania,Maschio,16-34
2020/11/238:08:42PMCET,0,1-3,Ichnusa,,2,2,2,3,4,4,3,3,4,2,3,4,3,3,3,3,3,3,3,3,3,3,3,3,3,5,5,5,5,5,Campania,Femmina,35-65
2020/11/238:14:53PMCET,1,1-3,Peroni,,1,1,1,5,5,5,3,2,3,1,5,3,1,4,4,1,5,1,4,3,3,1,1,1,5,1,5,5,5,5,Campania,Maschio,35-65
2020/11/238:18:55PMCET,1,4-6,Moretti,,1,1,2,2,4,3,4,2,3,1,1,1,2,3,4,4,4,4,4,4,4,2,2,2,5,1,4,5,4,4,Lombardia,Maschio,35-65
2020/11/238:20:27PMCET,1,4-6,Heineken,,4,3,2,1,1,1,3,1,1,3,1,1,2,1,1,3,2,1,1,5,2,5,5,5,1,4,1,1,1,1,Molise,Femmina,16-34
2020/11/238:24:31PMCET,0,1-3,Tennents,,5,5,5,5,5,5,5,5,5,5,5,5,5,5,5,5,5,5,5,5,5,5,5,5,5,5,5,5,5,5,Campania,Femmina,16-34
2020/11/238:26:05PMCET,1,1-3,Peroni,,3,3,3,3,2,3,2,2,3,3,3,2,3,3,3,4,3,2,3,4,3,3,3,4,3,3,4,3,3,3,Campania,Femmina,16-34
2020/11/238:27:04PMCET,0,4-6,Ichnusa,,4,4,3,4,5,3,2,3,5,4,5,5,5,5,5,5,5,5,5,5,5,5,3,4,5,3,5,5,5,5,Campania,Femmina,16-34
2020/11/238:27:52PMCET,1,4-6,Heineken,,1,2,2,3,3,3,2,4,3,2,3,1,2,1,2,2,3,2,4,4,3,2,1,2,5,2,5,4,4,4,Campania,Femmina,16-34
2020/11/238:28:03PMCET,1,4-6,Ichnusa,,1,1,2,3,3,3,2,5,5,2,2,3,3,2,2,2,4,3,5,3,3,1,4,3,5,1,5,4,3,2,Campania,Femmina,16-34
2020/11/238:28:27PMCET,1,1-3,Heineken,,2,3,3,3,2,2,1,5,2,2,2,1,2,2,2,2,3,3,3,2,3,2,1,2,1,2,3,2,2,2,Campania,Femmina,16-34
2020/11/238:28:36PMCET,0,1-3,Peroni,,3,3,3,1,2,2,4,4,3,4,4,3,2,3,1,3,2,3,2,3,4,3,4,3,5,3,5,5,5,5,Campania,Femmina,16-34
2020/11/238:29:00PMCET,1,4-6,Peroni,,4,4,5,5,4,3,2,5,3,5,3,3,5,4,3,5,3,1,1,1,1,4,3,3,1,4,1,3,3,3,Campania,Maschio,16-34
2020/11/238:31:11PMCET,1,1-3,Tennents,,1,1,1,1,1,1,2,1,1,2,1,4,1,1,1,1,3,1,3,3,3,1,1,1,3,1,3,1,2,2,Campania,Femmina,16-34
2020/11/238:37:19PMCET,0,4-6,Becks,,3,3,4,3,3,3,3,3,3,3,2,3,3,3,3,4,4,4,4,4,4,3,3,3,5,4,5,5,4,4,Campania,Maschio,35-65
2020/11/238:39:30PMCET,0,1-3,Peroni,,3,3,2,1,1,1,3,2,3,1,3,3,2,3,5,3,2,2,1,1,2,3,5,4,1,3,1,1,3,3,Campania,Maschio,16-34
2020/11/238:44:03PMCET,1,1-3,Ichnusa,,1,1,2,3,3,3,1,1,1,1,2,5,3,1,1,3,3,2,2,2,3,4,4,2,1,1,3,3,3,3,Campania,Maschio,16-34
2020/11/238:46:25PMCET,1,1-3,Peroni,,4,4,3,2,2,2,3,2,1,3,3,2,4,3,3,3,2,4,2,3,3,4,4,4,2,3,1,1,1,2,Campania,Maschio,16-34
2020/11/238:46:32PMCET,1,1-3,Tennents,,4,4,4,4,3,3,3,3,3,3,3,3,4,4,3,4,3,4,3,4,3,4,4,2,4,4,4,3,3,3,Campania,Femmina,35-65
2020/11/238:49:56PMCET,0,1-3,Ichnusa,,2,3,3,4,4,3,4,3,5,4,2,1,3,1,2,2,5,2,3,3,2,4,2,5,3,3,3,2,4,2,Campania,Maschio,35-65
2020/11/238:51:18PMCET,0,Piudi6,Heineken,,3,3,3,2,2,2,1,1,1,3,3,3,3,5,4,5,3,4,2,3,3,3,4,3,2,4,3,2,3,3,Lazio,Maschio,35-65
2020/11/238:52:40PMCET,1,1-3,Ceres,,4,4,3,3,5,5,2,2,3,5,4,1,3,3,1,4,2,2,3,4,3,4,4,4,1,3,2,2,2,3,Campania,Femmina,35-65
2020/11/238:59:25PMCET,0,Piudi6,Heineken,,4,5,5,5,4,4,3,4,4,4,4,4,3,4,3,5,4,4,4,4,3,5,4,3,4,4,4,3,4,4,Campania,Maschio,16-34
2020/11/239:11:21PMCET,0,1-3,Heineken,,3,3,3,2,2,2,4,1,3,3,4,2,2,2,4,4,2,4,3,3,3,3,4,4,3,5,3,3,3,3,Campania,Femmina,16-34
2020/11/239:12:31PMCET,0,1-3,Heineken,,4,5,3,3,4,3,5,5,4,4,4,4,3,4,2,3,3,3,2,2,2,3,2,2,1,1,3,2,1,2,Campania,Femmina,16-34
2020/11/239:15:53PMCET,1,Piudi6,Ichnusa,,1,1,1,4,5,3,2,1,3,2,5,4,2,1,3,3,5,2,5,1,5,1,5,4,5,1,5,3,5,3,Campania,Maschio,16-34
2020/11/239:21:35PMCET,0,1-3,Heineken,,2,2,2,1,1,4,5,5,5,5,5,3,5,4,5,5,5,2,5,5,5,3,1,3,5,5,5,5,5,5,Campania,Femmina,35-65
2020/11/239:35:01PMCET,0,1-3,Tennents,,3,2,2,2,2,4,2,2,3,2,2,2,4,3,2,2,2,3,2,3,3,2,3,3,2,3,3,3,3,2,Lombardia,Maschio,35-65
2020/11/239:48:30PMCET,1,4-6,Ichnusa,,4,5,5,4,5,4,2,3,2,5,4,2,5,5,5,4,5,5,4,5,5,5,5,5,5,5,5,5,4,4,Campania,Maschio,35-65
2020/11/239:53:24PMCET,0,1-3,Heineken,,3,3,4,5,5,5,1,2,5,1,4,2,1,2,5,5,4,5,5,4,3,4,1,3,5,4,5,5,5,5,Campania,Femmina,35-65
2020/11/2310:06:59PMCET,1,Piudi6,Ichnusa,,1,1,1,4,5,3,2,1,3,2,5,4,2,1,3,3,5,2,5,1,5,1,5,4,5,1,5,3,5,3,Campania,Maschio,16-34
2020/11/2310:10:27PMCET,0,4-6,Heineken,,3,3,3,5,5,5,4,3,4,5,5,2,3,5,4,4,5,5,5,5,5,5,2,3,5,4,5,5,4,4,Campania,Femmina,35-65
2020/11/2310:11:50PMCET,1,1-3,Becks,,1,1,1,1,3,3,4,5,5,3,1,5,4,4,4,3,3,3,4,4,4,2,3,3,5,3,4,4,3,3,Campania,Maschio,35-65
2020/11/2310:13:30PMCET,1,1-3,Tennents,,4,5,4,4,5,4,5,3,4,4,3,3,4,4,4,3,4,3,4,2,5,4,3,4,3,4,4,5,4,4,Campania,Femmina,16-34
2020/11/2310:23:31PMCET,0,1-3,Peroni,,3,3,2,1,1,1,3,2,3,1,3,3,2,3,5,3,2,2,1,1,2,3,5,4,1,3,1,1,3,3,Campania,Maschio,16-34
2020/11/2310:24:22PMCET,1,1-3,Altri,Corona,1,1,1,5,5,5,3,5,5,3,3,5,5,5,5,3,5,5,3,2,5,2,3,3,5,1,5,5,5,5,Campania,Maschio,16-34
2020/11/2310:28:14PMCET,1,Piudi6,Ichnusa,,1,1,1,4,5,3,2,1,3,2,5,4,2,1,3,3,5,2,5,1,5,1,5,4,5,1,5,3,5,3,Campania,Maschio,16-34
2020/11/2310:34:10PMCET,0,1-3,Heineken,,4,4,4,3,2,4,1,2,1,5,3,1,4,3,4,3,2,2,2,2,3,3,3,3,4,3,3,3,3,3,Campania,Femmina,35-65
2020/11/2310:34:47PMCET,0,4-6,Heineken,,2,3,3,3,2,2,3,3,3,5,4,4,4,4,3,3,5,4,5,4,4,3,1,2,4,3,5,4,3,3,Campania,Femmina,16-34
2020/11/2310:45:50PMCET,0,1-3,Menabrea,,1,1,1,3,3,3,5,5,5,2,4,4,3,1,1,1,5,5,5,5,5,1,1,3,5,1,5,5,3,2,Campania,Femmina,16-34
2020/11/2310:53:02PMCET,0,4-6,Heineken,,1,2,2,5,5,5,5,5,5,3,5,5,4,3,3,3,2,3,5,2,3,1,1,1,4,2,5,5,2,4,Campania,Femmina,35-65
2020/11/2310:58:58PMCET,1,1-3,Heineken,,1,1,3,3,3,3,3,3,2,4,1,5,1,3,3,1,2,2,1,1,1,1,1,1,2,1,1,1,2,1,Campania,Maschio,35-65
2020/11/2412:16:33AMCET,0,4-6,Heineken,,1,1,1,3,3,3,2,3,5,2,3,2,3,2,2,2,3,2,4,4,4,2,2,2,4,2,5,5,5,5,Campania,Femmina,35-65
2020/11/2412:26:36AMCET,1,1-3,Ichnusa,,5,5,5,4,3,2,5,2,4,4,3,1,3,4,4,5,3,4,2,4,5,5,5,5,2,4,2,3,2,3,Campania,Femmina,35-65
2020/11/247:55:36AMCET,1,1-3,Peroni,,1,1,1,5,5,5,3,4,5,1,4,2,1,5,2,1,5,1,5,4,1,1,5,1,1,1,5,1,5,5,Campania,Maschio,16-34
2020/11/248:31:00AMCET,0,1-3,Menabrea,,2,2,2,2,2,2,2,3,3,1,2,2,2,1,2,2,2,2,2,2,2,1,1,1,5,2,5,3,2,2,Lombardia,Femmina,35-65
2020/11/249:07:05AMCET,1,4-6,Ichnusa,,4,5,5,4,5,4,2,3,2,5,4,2,5,5,5,4,5,5,4,5,5,5,5,5,5,5,5,5,4,4,Campania,Maschio,35-65
2020/11/249:07:33AMCET,1,4-6,Ichnusa,,4,5,5,4,5,4,2,3,2,5,4,2,5,5,5,4,5,5,4,5,5,5,5,5,5,5,5,5,4,4,Campania,Maschio,35-65
2020/11/249:44:47AMCET,0,1-3,Tennents,,4,4,4,2,1,2,3,1,1,3,4,2,1,1,1,2,1,1,2,3,1,4,1,2,1,1,1,1,1,1,Campania,Femmina,35-65
2020/11/2411:51:19AMCET,0,1-3,Tennents,,5,5,5,5,5,5,5,5,5,5,5,5,5,5,5,5,5,5,5,5,5,5,5,5,5,5,5,5,5,5,Campania,Femmina,16-34
2020/11/2412:23:58PMCET,1,4-6,Tennents,,1,1,1,3,3,3,2,4,4,2,2,4,3,2,2,2,3,2,3,2,3,2,2,2,4,2,5,3,4,2,Campagnia,Maschio,35-65
2020/11/245:40:53PMCET,0,4-6,Altri,Stellaartois,1,3,3,4,5,5,4,5,5,3,2,3,3,2,2,3,5,4,5,3,4,1,1,3,5,1,5,5,5,3,Lombardia,Femmina,35-65
2020/11/247:23:08PMCET,1,4-6,Heineken,,4,4,4,4,4,4,4,3,3,4,5,2,3,4,4,4,4,4,2,3,4,3,4,4,3,4,3,3,3,3,Ba1licata,Femmina,16-34
2020/11/247:29:40PMCET,0,4-6,Tennents,,1,1,1,5,5,5,4,5,5,3,5,3,3,3,3,2,5,3,5,1,4,1,1,1,4,1,5,4,3,2,Campania,Maschio,35-65
2020/11/247:45:03PMCET,0,1-3,Altri,Adelscott,3,3,3,4,4,4,3,5,3,4,2,3,4,3,2,4,3,2,5,3,2,2,2,3,2,2,4,5,3,3,Campania,Femmina,16-34
2020/11/248:32:50PMCET,1,1-3,Ichnusa,,2,2,3,4,4,4,4,4,4,4,5,5,4,3,3,5,5,4,5,3,5,3,3,3,5,2,5,4,5,5,Puglia,Maschio,35-65
2020/11/248:46:21PMCET,0,Piudi6,Heineken,,5,5,5,3,3,3,1,1,1,3,2,2,2,3,4,3,1,2,3,3,2,4,4,3,2,2,1,1,1,2,Campania,Femmina,16-34
2020/11/248:58:52PMCET,0,Piudi6,Altri,Guinness,5,5,5,4,2,2,1,1,1,4,2,2,1,2,5,3,1,2,2,3,1,4,5,2,2,3,1,1,2,3,Campania,Femmina,16-34
2020/11/249:25:17PMCET,1,1-3,Peroni,,2,3,2,2,5,4,1,2,2,3,4,2,2,1,2,3,1,3,4,2,2,2,4,2,3,4,4,3,4,2,Campania,Maschio,35-65
2020/11/249:26:35PMCET,1,1-3,Heineken,,4,5,5,4,3,3,5,5,4,5,4,1,4,3,2,2,2,5,4,1,5,2,1,4,5,2,1,5,5,5,Campania,Femmina,35-65
2020/11/2410:52:22PMCET,1,1-3,Ichnusa,,1,1,1,1,1,1,5,5,5,1,1,5,3,2,1,1,3,1,3,1,3,1,5,2,2,2,2,3,3,3,Lombardia,Maschio,35-65
2020/11/259:33:05AMCET,0,1-3,Heineken,,3,3,4,5,5,5,1,2,5,1,4,2,1,2,5,5,4,5,5,4,3,4,1,3,5,4,5,5,5,5,Campania,Femmina,35-65
2020/11/252:29:10PMCET,0,1-3,Heineken,,3,3,4,5,5,5,1,2,5,1,4,2,1,2,5,5,4,5,5,4,3,4,1,3,5,4,5,5,5,5,Campania,Femmina,35-65
2020/11/253:07:29PMCET,0,4-6,Heineken,,4,4,3,5,3,3,4,5,4,3,3,5,4,3,3,4,3,2,2,4,2,4,3,3,5,4,1,3,2,3,Campania,Femmina,35-65
2020/11/257:00:42PMCET,1,1-3,Altri,Desperados,1,2,3,5,5,5,5,5,5,2,3,5,5,2,3,3,5,2,3,2,2,2,2,2,4,1,5,3,5,3,Campania,Femmina,16-34
2020/11/258:49:47PMCET,1,1-3,Tennents,,2,2,1,4,4,4,2,3,5,1,2,3,2,5,5,2,5,5,5,2,5,4,1,1,5,1,4,3,2,4,Lazio,Maschio,35-65
2020/11/258:58:53PMCET,1,4-6,Altri,Leffe,2,2,2,3,2,2,3,2,2,2,3,4,2,2,2,2,3,2,3,2,2,2,3,3,4,3,3,3,2,3,Campania,Maschio,35-65
2020/11/259:12:00PMCET,1,1-3,Heineken,,5,5,5,3,4,3,2,3,5,4,5,3,3,3,2,4,3,3,3,3,3,3,5,3,3,3,2,2,2,3,Lazio,Maschio,35-65
2020/11/268:35:25AMCET,0,1-3,Heineken,,2,2,4,3,3,4,3,2,3,5,2,3,3,2,2,4,4,4,5,5,5,3,1,3,5,4,5,5,5,5,Campania,Femmina,35-65
